regime,variant,heldout_site,dataset,substation_id,date,confidence,true_day,score,pred_day,threshold,confidence_score,v03_selected_left_slot,v03_selected_right_slot,v03_selected_duration_h,F1_bridge_improvement,F2_roughness_improvement,F3_slope_continuity_improvement,F4_duration_plausibility,F5_n_height_ratio,F6_solar_strength_ratio,F7_solar_peak_alignment,F8_site_centered_core_score,F9_site_rank_core_score,true_start_slot,true_end_slot,true_start_time,true_end_time,pred_start_slot,pred_end_slot,pred_start_time,pred_end_time,day_group,weighted_F1_bridge_improvement,weighted_F2_roughness_improvement,weighted_F3_slope_continuity_improvement,weighted_F4_duration_plausibility,weighted_F5_n_height_ratio,weighted_F6_solar_strength_ratio,weighted_F7_solar_peak_alignment,weighted_F8_site_centered_core_score,weighted_F9_site_rank_core_score,recomputed_score,iou,iou_with_fp_fn_zero,start_error_minutes,end_error_minutes
R2_beta_loso_plus_alpha,G_b1p0_r1p5_sc0p5,beta_A,beta,beta_A,2023-10-19,sure,True,3.0345485003782904,False,3.690327091222695,0.6557785908444047,56,58,0.75,0.6663716335366063,0.0,0.0,0.5,0.0,0.9113799159418412,0.7857142857142857,0.3421653303711139,0.5846994535519126,51.0,59.0,12:45,14:45,56.0,58.0,14:00,14:30,FN_day,0.6663716335366063,0.0,0.0,0.5,0.0,0.9113799159418412,0.7857142857142857,0.17108266518555695,0.0,3.0345485003782904,0.0,0.0,,
R2_beta_loso_plus_alpha,G_b1p0_r1p5_sc0p5,beta_A,beta,beta_A,2023-11-08,sure,False,4.302909206560201,True,3.690327091222695,0.6125821153375055,48,51,1.0,0.7167902576399218,0.0521603826770959,0.6515789134844575,0.6666666666666666,0.0,1.0,0.8928571428571429,0.5935513037927368,0.8907103825136613,,,,,48.0,51.0,12:00,12:45,FP_day,0.7167902576399218,0.07824057401564385,0.6515789134844575,0.6666666666666666,0.0,1.0,0.8928571428571429,0.2967756518963684,0.0,4.302909206560201,0.0,0.0,,
R2_beta_loso_plus_alpha,G_b1p0_r1p5_sc0p5,beta_A,beta,beta_A,2023-11-16,sure,False,3.908661389143148,True,3.690327091222695,0.21833429792045278,48,51,1.0,0.7138852412176622,0.002922023111778,0.3868977429282692,0.6666666666666666,0.0,1.0,0.8928571428571429,0.4879431216114815,0.7868852459016393,,,,,48.0,51.0,12:00,12:45,FP_day,0.7138852412176622,0.004383034667667001,0.3868977429282692,0.6666666666666666,0.0,1.0,0.8928571428571429,0.24397156080574076,0.0,3.9086613891431483,0.0,0.0,,
R2_beta_loso_plus_alpha,G_b1p0_r1p5_sc0p5,beta_A,beta,beta_A,2023-11-22,sure,True,3.060994978511274,False,3.690327091222695,0.6293321127114213,49,50,0.5,0.9094461686145056,0.0187187424451194,-0.088413380384343,0.3333333333333333,0.0,1.0,0.6785714285714286,0.3999586294173391,0.6557377049180328,53.0,55.0,13:15,13:45,49.0,50.0,12:15,12:30,FN_day,0.9094461686145056,0.0280781136676791,-0.088413380384343,0.3333333333333333,0.0,1.0,0.6785714285714286,0.19997931470866956,0.0,3.060994978511274,0.0,0.0,,
R2_beta_loso_plus_alpha,G_b1p0_r1p5_sc0p5,beta_A,beta,beta_A,2023-12-22,sure,False,3.937422409484448,True,3.690327091222695,0.2470953182617528,47,49,0.75,0.6973595887595543,0.0219291153619622,0.5131676075664114,0.5,0.0,1.0,0.9285714285714286,0.5308602230882211,0.825136612021858,,,,,47.0,49.0,11:45,12:15,FP_day,0.6973595887595543,0.0328936730429433,0.5131676075664114,0.5,0.0,1.0,0.9285714285714286,0.26543011154411056,0.0,3.9374224094844483,0.0,0.0,,
R2_beta_loso_plus_alpha,G_b1p0_r1p5_sc0p5,beta_A,beta,beta_A,2024-01-05,sure,False,3.844716687952957,True,3.690327091222695,0.15438959673026176,49,50,0.5,0.8252502615803932,0.0080959461233717,0.4378214560186078,0.3333333333333333,0.0,1.0,0.9642857142857144,0.5437640070997027,0.8415300546448088,,,,,49.0,50.0,12:15,12:30,FP_day,0.8252502615803932,0.012143919185057549,0.4378214560186078,0.3333333333333333,0.0,1.0,0.9642857142857144,0.27188200354985137,0.0,3.8447166879529573,0.0,0.0,,
R2_beta_loso_plus_alpha,G_b1p0_r1p5_sc0p5,beta_A,beta,beta_A,2024-04-06,sure,False,4.003232857592385,True,3.690327091222695,0.31290576636969014,48,54,1.75,0.8232818397068684,0.0119879366688309,0.0905090572120064,1.0,0.0,1.0,0.8571428571428572,0.4286343970548137,0.7267759562841529,,,,,48.0,54.0,12:00,13:30,FP_day,0.8232818397068684,0.01798190500324635,0.0905090572120064,1.0,0.0,1.0,0.8571428571428572,0.21431719852740685,0.0,4.003232857592385,0.0,0.0,,
R2_beta_loso_plus_alpha,G_b1p0_r1p5_sc0p5,beta_A,beta,beta_A,2024-04-16,sure,False,3.889338230597141,True,3.690327091222695,0.1990111393744458,44,51,2.0,0.6848490110560972,-0.0012687643673821,0.0626184691744695,1.0,0.1379581465824227,1.0,0.8214285714285714,0.3687743578133067,0.6010928961748634,,,,,44.0,51.0,11:00,12:45,FP_day,0.6848490110560972,-0.0019031465510731499,0.0626184691744695,1.0,0.1379581465824227,1.0,0.8214285714285714,0.18438717890665335,0.0,3.889338230597141,0.0,0.0,,
R2_beta_loso_plus_alpha,G_b1p0_r1p5_sc0p5,beta_A,beta,beta_A,2024-04-22,sure,False,3.883064123242285,True,3.690327091222695,0.1927370320195898,43,53,2.75,0.0912152957532529,-0.0240592787775924,0.7036827064184191,1.0,0.0071897638371041,1.0,0.9285714285714286,0.3769876936569383,0.6174863387978142,,,,,43.0,53.0,10:45,13:15,FP_day,0.0912152957532529,-0.0360889181663886,0.7036827064184191,1.0,0.0071897638371041,1.0,0.9285714285714286,0.18849384682846915,0.0,3.883064123242285,0.0,0.0,,
R2_beta_loso_plus_alpha,G_b1p0_r1p5_sc0p5,beta_A,beta,beta_A,2024-04-28,sure,False,3.9926858903374742,True,3.690327091222695,0.30235879911477914,43,51,2.25,0.4043827049380937,-0.0596634959179398,0.5415026339474691,1.0,0.0,1.0,0.9285714285714286,0.4154487335147861,0.6830601092896176,,,,,43.0,51.0,10:45,12:45,FP_day,0.4043827049380937,-0.0894952438769097,0.5415026339474691,1.0,0.0,1.0,0.9285714285714286,0.20772436675739306,0.0,3.9926858903374747,0.0,0.0,,
R2_beta_loso_plus_alpha,G_b1p0_r1p5_sc0p5,beta_A,beta,beta_A,2024-08-23,sure,False,3.917036987088476,True,3.690327091222695,0.22670989586578072,46,56,2.75,0.3553665282939523,-0.0319263941386934,0.5828615815908198,1.0,0.0299131704769891,1.0,0.7857142857142857,0.422142024440938,0.6939890710382515,,,,,46.0,56.0,11:30,14:00,FP_day,0.3553665282939523,-0.0478895912080401,0.5828615815908198,1.0,0.0299131704769891,1.0,0.7857142857142857,0.211071012220469,0.0,3.917036987088476,0.0,0.0,,
R2_beta_loso_plus_alpha,G_b1p0_r1p5_sc0p5,beta_A,beta,beta_A,2024-08-28,sure,False,4.052325147165238,True,3.690327091222695,0.36199805594254286,49,54,1.5,0.2968661434206286,0.0040425744069556,0.6250023779344557,1.0,0.0171963791194488,1.0,0.8928571428571429,0.4286784844462585,0.7322404371584699,,,,,49.0,54.0,12:15,13:30,FP_day,0.2968661434206286,0.006063861610433399,0.6250023779344557,1.0,0.0171963791194488,1.0,0.8928571428571429,0.21433924222312925,0.0,4.052325147165238,0.0,0.0,,
R2_beta_loso_plus_alpha,G_b1p0_r1p5_sc0p5,beta_A,beta,beta_A,2024-09-24,sure,False,3.732725142815307,True,3.690327091222695,0.042398051592611896,42,43,0.5,0.693175696145322,0.0253868798802938,0.6328754039278456,0.3333333333333333,0.0,1.0,0.75,0.5705207791767323,0.8524590163934427,,,,,42.0,43.0,10:30,10:45,FP_day,0.693175696145322,0.0380803198204407,0.6328754039278456,0.3333333333333333,0.0,1.0,0.75,0.28526038958836614,0.0,3.7327251428153074,0.0,0.0,,
R2_beta_loso_plus_alpha,G_b1p0_r1p5_sc0p5,beta_B,beta,beta_B,2023-10-22,sure,True,3.371013087392216,False,3.690327091222695,0.3193140038304789,39,56,4.5,0.6176060673654192,-0.0309244741277514,0.0686525379755874,1.0,0.0344353163343569,1.0,0.6785714285714286,0.036268896674103,0.0765027322404372,40.0,57.0,10:00,14:15,39.0,56.0,09:45,14:00,FN_day,0.6176060673654192,-0.0463867111916271,0.0686525379755874,1.0,0.0344353163343569,1.0,0.6785714285714286,0.0181344483370515,0.0,3.371013087392216,0.0,0.0,,
R2_beta_loso_plus_alpha,G_b1p0_r1p5_sc0p5,beta_B,beta,beta_B,2023-11-27,sure,True,3.3833761530504924,False,3.690327091222695,0.30695093817220265,42,62,5.25,-0.2160672120369141,-0.1889042895902523,0.8540329545162775,1.0,0.116439747768718,1.0,0.9285714285714286,-0.0324886627672783,-0.0437158469945355,41.0,56.0,10:15,14:00,42.0,62.0,10:30,15:30,FN_day,-0.2160672120369141,-0.28335643438537844,0.8540329545162775,1.0,0.116439747768718,1.0,0.9285714285714286,-0.01624433138363915,-0.0,3.3833761530504924,0.0,0.0,,
R2_beta_loso_plus_alpha,G_b1p0_r1p5_sc0p5,beta_B,beta,beta_B,2023-12-28,sure,False,3.9193432623185136,True,3.690327091222695,0.2290161710958185,44,47,1.0,0.7234366155458762,0.0026628725438632,0.455169670732568,0.6666666666666666,0.0,1.0,0.9642857142857144,0.2115805725437871,0.3989071038251366,,,,,44.0,47.0,11:00,11:45,FP_day,0.7234366155458762,0.0039943088157948,0.455169670732568,0.6666666666666666,0.0,1.0,0.9642857142857144,0.10579028627189355,0.0,3.9193432623185136,0.0,0.0,,
R2_beta_loso_plus_alpha,G_b1p0_r1p5_sc0p5,beta_B,beta,beta_B,2024-01-02,sure,True,3.062921201601016,False,3.690327091222695,0.627405889621679,51,52,0.5,0.3066154830088464,0.0140632080251572,0.5910163127833639,0.3333333333333333,0.0,1.0,0.75,0.1217225208754738,0.1857923497267759,49.0,59.0,12:15,14:45,51.0,52.0,12:45,13:00,FN_day,0.3066154830088464,0.021094812037735798,0.5910163127833639,0.3333333333333333,0.0,1.0,0.75,0.0608612604377369,0.0,3.062921201601016,0.0,0.0,,
R2_beta_loso_plus_alpha,G_b1p0_r1p5_sc0p5,beta_B,beta,beta_B,2024-01-20,sure,True,3.2316056396715744,False,3.690327091222695,0.45872145155112065,41,57,4.25,0.4968913281562204,0.0042190443191751,0.1564914215075037,1.0,0.0533819313970953,1.0,0.5,0.0370247842639844,0.0819672131147541,43.0,61.0,10:45,15:15,41.0,57.0,10:15,14:15,FN_day,0.4968913281562204,0.00632856647876265,0.1564914215075037,1.0,0.0533819313970953,1.0,0.5,0.0185123921319922,0.0,3.2316056396715744,0.0,0.0,,
R2_beta_loso_plus_alpha,G_b1p0_r1p5_sc0p5,beta_B,beta,beta_B,2024-02-12,sure,True,3.6787831379930673,False,3.690327091222695,0.011543953229627757,40,45,1.5,0.8446034151273396,0.1126903546411237,0.4235255277626637,1.0,0.0814248423113912,0.985430892392338,0.0357142857142857,0.278097285446727,0.5737704918032787,46.0,53.0,11:30,13:15,40.0,45.0,10:00,11:15,FN_day,0.8446034151273396,0.16903553196168555,0.4235255277626637,1.0,0.0814248423113912,0.985430892392338,0.0357142857142857,0.1390486427233635,0.0,3.6787831379930673,0.0,0.0,,
R2_beta_loso_plus_alpha,G_b1p0_r1p5_sc0p5,beta_B,beta,beta_B,2024-03-05,sure,True,3.5742021948062237,False,3.690327091222695,0.11612489641647139,39,63,6.25,0.3553338570106638,0.0499041297697679,0.6259414910928159,1.0,0.1647244121536188,0.9868566147331372,0.2857142857142857,0.1615506788941005,0.2568306010928962,50.0,57.0,12:30,14:15,39.0,63.0,09:45,15:45,FN_day,0.3553338570106638,0.07485619465465185,0.6259414910928159,1.0,0.1647244121536188,0.9868566147331372,0.2857142857142857,0.08077533944705025,0.0,3.5742021948062233,0.0,0.0,,
R2_beta_loso_plus_alpha,G_b1p0_r1p5_sc0p5,beta_B,beta,beta_B,2024-05-23,sure,True,3.6170715242535074,False,3.690327091222695,0.07325556696918767,46,58,3.25,0.1955456265062953,-0.0309797540302482,0.5784858656650379,1.0,0.1255781196673839,0.9454632082541876,0.7857142857142857,0.0655080989833796,0.1311475409836064,46.0,58.0,11:30,14:30,46.0,58.0,11:30,14:30,FN_day,0.1955456265062953,-0.0464696310453723,0.5784858656650379,1.0,0.1255781196673839,0.9454632082541876,0.7857142857142857,0.0327540494916898,0.0,3.6170715242535074,0.0,0.0,,
R2_beta_loso_plus_alpha,G_b1p0_r1p5_sc0p5,beta_B,beta,beta_B,2024-05-29,sure,True,3.543809873672836,False,3.690327091222695,0.14651721754985925,40,58,4.75,0.5215966417516157,-0.0055178815483032,0.0008170555724276,1.0,0.1506180194136511,0.9554221549220352,0.9285714285714286,-0.0098772084717353,-0.0163934426229508,42.0,56.0,10:30,14:00,40.0,58.0,10:00,14:30,FN_day,0.5215966417516157,-0.0082768223224548,0.0008170555724276,1.0,0.1506180194136511,0.9554221549220352,0.9285714285714286,-0.00493860423586765,-0.0,3.543809873672836,0.0,0.0,,
R2_beta_loso_plus_alpha,G_b1p0_r1p5_sc0p5,beta_B,beta,beta_B,2024-06-26,sure,True,3.3398462566379883,False,3.690327091222695,0.3504808345847068,44,55,3.0,-0.1666615943216901,-0.0154999008367043,0.6028755582850992,1.0,0.0759482573581559,0.9076170686298058,0.9642857142857144,-0.0419377926880804,-0.0546448087431693,44.0,55.0,11:00,13:45,44.0,55.0,11:00,13:45,FN_day,-0.1666615943216901,-0.02324985125505645,0.6028755582850992,1.0,0.0759482573581559,0.9076170686298058,0.9642857142857144,-0.0209688963440402,-0.0,3.3398462566379883,0.0,0.0,,
R2_beta_loso_plus_alpha,G_b1p0_r1p5_sc0p5,beta_B,beta,beta_B,2024-06-27,sure,True,3.372400634091103,False,3.690327091222695,0.31792645713159207,43,59,4.25,0.3186709392388169,-0.0224204360107092,0.2615281166659856,1.0,0.0875833983252365,0.9506593517123176,0.7857142857142857,0.003750392901049,0.0109289617486338,44.0,56.0,11:00,14:00,43.0,59.0,10:45,14:45,FN_day,0.3186709392388169,-0.0336306540160638,0.2615281166659856,1.0,0.0875833983252365,0.9506593517123176,0.7857142857142857,0.0018751964505245,0.0,3.372400634091103,0.0,0.0,,
R2_beta_loso_plus_alpha,G_b1p0_r1p5_sc0p5,beta_B,beta,beta_B,2024-07-25,sure,True,3.4070484331094604,False,3.690327091222695,0.2832786581132347,45,54,2.5,-0.0677746804841334,-0.0564869831148496,0.7067777232420733,1.0,0.05479827509156,0.9705509154283056,0.8214285714285714,0.0119962061507147,0.0327868852459016,44.0,55.0,11:00,13:45,45.0,54.0,11:15,13:30,FN_day,-0.0677746804841334,-0.0847304746722744,0.7067777232420733,1.0,0.05479827509156,0.9705509154283056,0.8214285714285714,0.00599810307535735,0.0,3.4070484331094604,0.0,0.0,,
R2_beta_loso_plus_alpha,G_b1p0_r1p5_sc0p5,beta_B,beta,beta_B,2024-07-28,sure,True,3.616906955488513,False,3.690327091222695,0.07342013573418216,43,57,3.75,0.1459886190884124,-0.0381305080159392,0.5303584944694728,1.0,0.0539026479912742,1.0,0.9285714285714286,0.0305630547836666,0.0655737704918033,43.0,56.0,10:45,14:00,43.0,57.0,10:45,14:15,FN_day,0.1459886190884124,-0.0571957620239088,0.5303584944694728,1.0,0.0539026479912742,1.0,0.9285714285714286,0.0152815273918333,0.0,3.6169069554885125,0.0,0.0,,
R2_beta_loso_plus_alpha,G_b1p0_r1p5_sc0p5,beta_B,beta,beta_B,2024-08-03,sure,True,3.5529996034178306,False,3.690327091222695,0.13732748780486448,42,60,4.75,0.1974272163180548,-0.0298462230871118,0.4995175650989514,1.0,0.1664432561559529,1.0,0.7142857142857143,0.0401903723796494,0.1038251366120217,42.0,60.0,10:30,15:00,42.0,60.0,10:30,15:00,FN_day,0.1974272163180548,-0.0447693346306677,0.4995175650989514,1.0,0.1664432561559529,1.0,0.7142857142857143,0.0200951861898247,0.0,3.5529996034178306,0.0,0.0,,
R2_beta_loso_plus_alpha,G_b1p0_r1p5_sc0p5,beta_D,beta,beta_D,2023-10-12,sure,True,2.496442458298117,False,3.690327091222695,1.1938846329245782,40,41,0.5,0.9427361294086632,-1.379057490015919e-16,0.0,0.3333333333333333,0.0,0.8704251676746874,0.3214285714285714,0.0570385129057238,0.3387978142076502,45.0,52.0,11:15,13:00,40.0,41.0,10:00,10:15,FN_day,0.9427361294086632,-2.0685862350238788e-16,0.0,0.3333333333333333,0.0,0.8704251676746874,0.3214285714285714,0.0285192564528619,0.0,2.496442458298117,0.0,0.0,,
R2_beta_loso_plus_alpha,G_b1p0_r1p5_sc0p5,beta_D,beta,beta_D,2023-10-29,sure,True,2.8907996223303978,False,3.690327091222695,0.7995274688922973,36,41,1.5,0.8601218999050807,0.0,0.0323020033109924,1.0,0.0,0.9425275479792756,0.0357142857142857,0.0402677708415271,0.2240437158469945,48.0,57.0,12:00,14:15,36.0,41.0,09:00,10:15,FN_day,0.8601218999050807,0.0,0.0323020033109924,1.0,0.0,0.9425275479792756,0.0357142857142857,0.02013388542076355,0.0,2.8907996223303978,0.0,0.0,,
R2_beta_loso_plus_alpha,G_b1p0_r1p5_sc0p5,beta_D,beta,beta_D,2023-11-13,sure,False,3.9002000312103,True,3.690327091222695,0.20987293998760492,47,57,2.75,0.6818524456496597,0.0097684025062873,0.1292873644208126,1.0,0.3458989990002552,0.9345797290183114,0.7857142857142857,0.0164292072950893,0.0655737704918033,,,,,47.0,57.0,11:45,14:15,FP_day,0.6818524456496597,0.014652603759430949,0.1292873644208126,1.0,0.3458989990002552,0.9345797290183114,0.7857142857142857,0.00821460364754465,0.0,3.9002000312103,0.0,0.0,,
R2_beta_loso_plus_alpha,G_b1p0_r1p5_sc0p5,beta_D,beta,beta_D,2023-11-18,sure,True,3.1773491360352337,False,3.690327091222695,0.5129779551874614,39,44,1.5,0.9051022009861276,0.0,0.0,1.0,0.0,1.0,0.25,0.0444938700982119,0.2459016393442623,47.0,59.0,11:45,14:45,39.0,44.0,09:45,11:00,FN_day,0.9051022009861276,0.0,0.0,1.0,0.0,1.0,0.25,0.02224693504910595,0.0,3.1773491360352337,0.0,0.0,,
R2_beta_loso_plus_alpha,G_b1p0_r1p5_sc0p5,beta_D,beta,beta_D,2023-11-24,sure,False,4.339213353360687,True,3.690327091222695,0.6488862621379923,37,44,2.0,0.5014330734988474,0.042108915912911,0.5644810463196568,1.0,0.5276413803160428,0.73357026232631,0.8928571428571429,0.1121341483466411,0.7049180327868851,,,,,37.0,44.0,09:15,11:00,FP_day,0.5014330734988474,0.0631633738693665,0.5644810463196568,1.0,0.5276413803160428,0.73357026232631,0.8928571428571429,0.05606707417332055,0.0,4.3392133533606865,0.0,0.0,,
R2_beta_loso_plus_alpha,G_b1p0_r1p5_sc0p5,beta_D,beta,beta_D,2023-11-26,sure,False,4.0380543525671,True,3.690327091222695,0.3477272613444047,42,52,2.75,0.914085857201493,0.0359506591483913,0.0523413864349631,1.0,0.1220987110496398,1.0,0.8571428571428572,0.0769191040311185,0.5464480874316939,,,,,42.0,52.0,10:30,13:00,FP_day,0.914085857201493,0.05392598872258696,0.0523413864349631,1.0,0.1220987110496398,1.0,0.8571428571428572,0.03845955201555925,0.0,4.0380543525671,0.0,0.0,,
R2_beta_loso_plus_alpha,G_b1p0_r1p5_sc0p5,beta_D,beta,beta_D,2023-11-27,sure,False,3.706056667538758,True,3.690327091222695,0.015729576316062754,36,59,6.0,0.5820054656203705,0.0221901606020007,0.254778471712859,1.0,0.0,1.0,0.8214285714285714,0.0291178357479128,0.1475409836065573,,,,,36.0,59.0,09:00,14:45,FP_day,0.5820054656203705,0.03328524090300105,0.254778471712859,1.0,0.0,1.0,0.8214285714285714,0.0145589178739564,0.0,3.706056667538758,0.0,0.0,,
R2_beta_loso_plus_alpha,G_b1p0_r1p5_sc0p5,beta_D,beta,beta_D,2023-11-29,sure,False,3.81657343431031,True,3.690327091222695,0.12624634308761484,44,46,0.75,0.7551614478544455,0.0263878147853028,0.7897350333245301,0.5,0.0273893753126771,1.0,0.5714285714285714,0.2665545684242622,0.9617486338797814,,,,,44.0,46.0,11:00,11:30,FP_day,0.7551614478544455,0.0395817221779542,0.7897350333245301,0.5,0.0273893753126771,1.0,0.5714285714285714,0.1332772842121311,0.0,3.81657343431031,0.0,0.0,,
R2_beta_loso_plus_alpha,G_b1p0_r1p5_sc0p5,beta_D,beta,beta_D,2024-03-28,sure,True,3.562252540561889,False,3.690327091222695,0.12807455066080609,49,61,3.25,0.1118451709417611,0.0122954350863729,0.3616772551326548,1.0,0.3322064643987454,1.0,0.7857142857142857,-0.0952675765102343,-0.3005464480874317,47.0,61.0,11:45,15:15,49.0,61.0,12:15,15:15,FN_day,0.1118451709417611,0.01844315262955935,0.3616772551326548,1.0,0.3322064643987454,1.0,0.7857142857142857,-0.04763378825511715,-0.0,3.5622525405618894,0.0,0.0,,
R2_beta_loso_plus_alpha,G_b1p0_r1p5_sc0p5,beta_D,beta,beta_D,2024-04-14,sure,False,3.7023162436907575,True,3.690327091222695,0.011989152468062425,35,59,6.25,0.5174445197878828,-0.0673434563339761,0.4134262621147822,1.0,0.0,1.0,0.8571428571428572,0.030635578292399,0.1639344262295081,,,,,35.0,59.0,08:45,14:45,FP_day,0.5174445197878828,-0.10101518450096417,0.4134262621147822,1.0,0.0,1.0,0.8571428571428572,0.0153177891461995,0.0,3.7023162436907575,0.0,0.0,,
R2_beta_loso_plus_alpha,G_b1p0_r1p5_sc0p5,beta_D,beta,beta_D,2024-04-21,sure,True,2.46272906223157,False,3.690327091222695,1.227598028991125,56,57,0.5,0.3047802577961695,0.0107176374740362,0.0,0.3333333333333333,0.0,0.9202737498421794,0.9642857142857144,-0.1520408984737619,-0.4153005464480874,55.0,57.0,13:45,14:15,56.0,57.0,14:00,14:15,FN_day,0.3047802577961695,0.0160764562110543,0.0,0.3333333333333333,0.0,0.9202737498421794,0.9642857142857144,-0.07602044923688095,-0.0,2.46272906223157,0.0,0.0,,
R2_beta_loso_plus_alpha,G_b1p0_r1p5_sc0p5,beta_D,beta,beta_D,2024-06-06,sure,False,3.893838691141248,True,3.690327091222695,0.20351159991855283,42,60,4.75,0.6548423100562775,-0.0239808896022682,0.1990580733719247,1.0,0.3996985127435936,0.880780359802828,0.7857142857142857,0.0194329677114807,0.0874316939890711,,,,,42.0,60.0,10:30,15:00,FP_day,0.6548423100562775,-0.0359713344034023,0.1990580733719247,1.0,0.3996985127435936,0.880780359802828,0.7857142857142857,0.00971648385574035,0.0,3.8938386911412475,0.0,0.0,,
R2_beta_loso_plus_alpha,G_b1p0_r1p5_sc0p5,beta_D,beta,beta_D,2024-06-09,sure,False,4.272332590332812,True,3.690327091222695,0.5820054991101173,49,53,1.25,0.4539732566733627,0.0476262096445686,0.8215547479109472,0.8333333333333334,0.2482408467357757,0.8947259634801182,0.8571428571428572,0.1838445411791288,0.8688524590163935,,,,,49.0,53.0,12:15,13:15,FP_day,0.4539732566733627,0.07143931446685291,0.8215547479109472,0.8333333333333334,0.2482408467357757,0.8947259634801182,0.8571428571428572,0.0919222705895644,0.0,4.2723325903328115,0.0,0.0,,
R2_beta_loso_plus_alpha,G_b1p0_r1p5_sc0p5,beta_D,beta,beta_D,2024-08-27,sure,True,3.009489963603108,False,3.690327091222695,0.6808371276195873,38,41,1.0,0.9857127062483872,0.0,0.0,0.6666666666666666,0.0,1.0,0.3214285714285714,0.0713640385189651,0.4808743169398908,43.0,55.0,10:45,13:45,38.0,41.0,09:30,10:15,FN_day,0.9857127062483872,0.0,0.0,0.6666666666666666,0.0,1.0,0.3214285714285714,0.03568201925948255,0.0,3.009489963603108,0.0,0.0,,
R2_beta_loso_plus_alpha,G_b1p0_r1p5_sc0p5,beta_D,beta,beta_D,2024-09-14,sure,True,3.0491675310544424,False,3.690327091222695,0.6411595601682527,42,43,0.5,0.999313886512796,0.0,0.0,0.3333333333333333,0.0,1.0,0.6785714285714286,0.075897765273768,0.540983606557377,48.0,52.0,12:00,13:00,42.0,43.0,10:30,10:45,FN_day,0.999313886512796,0.0,0.0,0.3333333333333333,0.0,1.0,0.6785714285714286,0.037948882636884,0.0,3.0491675310544424,0.0,0.0,,
R2_beta_loso_plus_alpha,G_b1p0_r1p5_sc0p5,beta_D,beta,beta_D,2024-09-25,sure,False,3.919517373664805,True,3.690327091222695,0.2291902824421097,52,55,1.0,0.771827369680606,0.0480441686957192,0.3485306699363071,0.6666666666666666,0.0300104304484089,1.0,0.9642857142857144,0.1322605392070468,0.7377049180327868,,,,,52.0,55.0,13:00,13:45,FP_day,0.771827369680606,0.0720662530435788,0.3485306699363071,0.6666666666666666,0.0300104304484089,1.0,0.9642857142857144,0.0661302696035234,0.0,3.9195173736648052,0.0,0.0,,
R2_beta_loso_plus_alpha,G_b1p0_r1p5_sc0p5,beta_D,beta,beta_D,2024-09-29,sure,False,4.305588700425166,True,3.690327091222695,0.615261609202471,39,52,3.5,0.6206860771262117,0.1091492677142965,0.7647998611372386,1.0,0.1112682565269259,0.9174653110394456,0.6071428571428572,0.241004871762085,0.9344262295081966,,,,,39.0,52.0,09:45,13:00,FP_day,0.6206860771262117,0.16372390157144476,0.7647998611372386,1.0,0.1112682565269259,0.9174653110394456,0.6071428571428572,0.1205024358810425,0.0,4.305588700425166,0.0,0.0,,
R2_beta_loso_plus_alpha,G_b1p0_r1p5_sc0p5,beta_E,beta,beta_E,2023-11-02,sure,False,4.674835566112659,True,3.6775555499703607,0.9972800161422981,53,61,2.25,0.7321888600994709,0.0414579265696166,0.7655202491699119,1.0,0.0,1.0,0.7857142857142857,0.6584505625491318,0.9781420765027322,,,,,53.0,61.0,13:15,15:15,FP_day,0.7321888600994709,0.0621868898544249,0.7655202491699119,1.0,0.0,1.0,0.7857142857142857,0.3292252812745659,0.0,4.674835566112659,0.0,0.0,,
R2_beta_loso_plus_alpha,G_b1p0_r1p5_sc0p5,beta_E,beta,beta_E,2024-03-21,sure,False,3.7749795281352414,True,3.6775555499703607,0.09742397816488069,59,61,0.75,0.8920161129955073,0.0263389982694969,0.1621087388444234,0.5,0.0,1.0,0.9285714285714286,0.5055495006392746,0.8032786885245902,,,,,59.0,61.0,14:45,15:15,FP_day,0.8920161129955073,0.03950849740424535,0.1621087388444234,0.5,0.0,1.0,0.9285714285714286,0.2527747503196373,0.0,3.7749795281352423,0.0,0.0,,
R2_beta_loso_plus_alpha,G_b1p0_r1p5_sc0p5,beta_E,beta,beta_E,2024-04-03,sure,False,3.837787698669438,True,3.6775555499703607,0.1602321486990772,55,59,1.25,0.877775002831014,0.0303259377533991,0.0,0.8333333333333334,0.0,1.0,0.8571428571428572,0.4480951974642697,0.715846994535519,,,,,55.0,59.0,13:45,14:45,FP_day,0.877775002831014,0.04548890663009865,0.0,0.8333333333333334,0.0,1.0,0.8571428571428572,0.22404759873213484,0.0,3.837787698669438,0.0,0.0,,
R2_beta_loso_plus_alpha,G_b1p0_r1p5_sc0p5,beta_E,beta,beta_E,2024-04-12,sure,False,4.295610710465403,True,3.6775555499703607,0.6180551604950422,45,50,1.5,0.480459735948167,-0.0047995579807364,0.6052203933485617,1.0,0.0,1.0,0.9642857142857144,0.5056884077081295,0.8087431693989071,,,,,45.0,50.0,11:15,12:30,FP_day,0.480459735948167,-0.0071993369711046,0.6052203933485617,1.0,0.0,1.0,0.9642857142857144,0.25284420385406475,0.0,4.295610710465403,0.0,0.0,,
R2_beta_loso_plus_alpha,G_b1p0_r1p5_sc0p5,beta_E,beta,beta_E,2024-08-20,sure,False,3.685057810204529,True,3.6775555499703607,0.007502260234168112,45,55,2.75,0.7692423174913038,0.0038754478246124,-0.005000396711537,1.0,0.0,1.0,0.7142857142857143,0.4014340068042584,0.6557377049180328,,,,,45.0,55.0,11:15,13:45,FP_day,0.7692423174913038,0.0058131717369186,-0.005000396711537,1.0,0.0,1.0,0.7142857142857143,0.2007170034021292,0.0,3.6850578102045293,0.0,0.0,,
R2_beta_loso_plus_alpha,G_b1p0_r1p5_sc0p5,beta_E,beta,beta_E,2024-09-24,sure,False,4.4670186060359125,True,3.6775555499703607,0.7894630560655518,45,48,1.0,0.8722567558947272,0.0724852429776486,0.5018570734497904,0.6666666666666666,0.0394272439174474,1.0,0.9642857142857144,0.6275945747101873,0.9617486338797814,,,,,45.0,48.0,11:15,12:00,FP_day,0.8722567558947272,0.10872786446647291,0.5018570734497904,0.6666666666666666,0.0394272439174474,1.0,0.9642857142857144,0.31379728735509366,0.0,4.4670186060359125,0.0,0.0,,
R2_beta_loso_plus_alpha,G_b1p0_r1p5_sc0p5,beta_F,beta,beta_F,2023-12-24,sure,False,4.848080755838417,True,3.690327091222695,1.157753664615722,53,59,1.75,0.9481335856469278,0.1220408429028178,0.4870085306204186,1.0,0.2572866968132054,1.0,0.9285714285714286,0.0880384996644196,0.2349726775956284,,,,,53.0,59.0,13:15,14:45,FP_day,0.9481335856469278,0.1830612643542267,0.4870085306204186,1.0,0.2572866968132054,1.0,0.9285714285714286,0.0440192498322098,0.0,4.848080755838417,0.0,0.0,,
R2_beta_loso_plus_alpha,G_b1p0_r1p5_sc0p5,beta_F,beta,beta_F,2023-12-25,sure,False,4.547241999724453,True,3.690327091222695,0.856914908501758,40,53,3.5,0.8565883132922553,0.0164456129855772,0.664474024233653,1.0,0.1393425895691776,1.0,0.8214285714285714,0.08148016344486,0.2076502732240437,,,,,40.0,53.0,10:00,13:15,FP_day,0.8565883132922553,0.024668419478365802,0.664474024233653,1.0,0.1393425895691776,1.0,0.8214285714285714,0.04074008172243,0.0,4.547241999724453,0.0,0.0,,
R2_beta_loso_plus_alpha,G_b1p0_r1p5_sc0p5,beta_F,beta,beta_F,2023-12-26,sure,False,3.9820249223952966,True,3.690327091222695,0.2916978311726015,36,55,5.0,0.588542660704949,-0.1212553495168337,0.5963618921974929,1.0,0.481525484185702,1.0,0.5357142857142857,-0.0764727522637657,-0.1420765027322404,,,,,36.0,55.0,09:00,13:45,FP_day,0.588542660704949,-0.18188302427525055,0.5963618921974929,1.0,0.481525484185702,1.0,0.5357142857142857,-0.03823637613188285,-0.0,3.9820249223952966,0.0,0.0,,
R2_beta_loso_plus_alpha,G_b1p0_r1p5_sc0p5,beta_F,beta,beta_F,2024-01-09,sure,False,4.872368739895668,True,3.690327091222695,1.182041648672973,57,62,1.5,0.9101967169628852,0.0550887179031949,0.6176517521644034,1.0,0.2492898584856104,1.0,0.9642857142857144,0.0966232422845259,0.2896174863387979,,,,,57.0,62.0,14:15,15:30,FP_day,0.9101967169628852,0.08263307685479235,0.6176517521644034,1.0,0.2492898584856104,1.0,0.9642857142857144,0.04831162114226295,0.0,4.872368739895668,0.0,0.0,,
R2_beta_loso_plus_alpha,G_b1p0_r1p5_sc0p5,beta_F,beta,beta_F,2024-01-13,sure,True,3.530946766759134,False,3.690327091222695,0.15938032446356099,38,54,4.25,0.4395598748046015,-0.0036066511300087,0.4812245014441721,1.0,0.0353635135245876,1.0,0.6428571428571428,-0.1252965783527135,-0.2786885245901639,39.0,52.0,09:45,13:00,38.0,54.0,09:30,13:30,FN_day,0.4395598748046015,-0.00540997669501305,0.4812245014441721,1.0,0.0353635135245876,1.0,0.6428571428571428,-0.06264828917635674,-0.0,3.530946766759134,0.0,0.0,,
R2_beta_loso_plus_alpha,G_b1p0_r1p5_sc0p5,beta_F,beta,beta_F,2024-01-17,sure,False,4.164145318013905,True,3.690327091222695,0.47381822679121033,38,50,3.25,0.8654310157049685,-0.0608411996201693,0.5399791631785017,1.0,0.0556990663320042,1.0,0.7857142857142857,0.0171671730287984,0.0437158469945355,,,,,38.0,50.0,09:30,12:30,FP_day,0.8654310157049685,-0.09126179943025395,0.5399791631785017,1.0,0.0556990663320042,1.0,0.7857142857142857,0.0085835865143992,0.0,4.164145318013905,0.0,0.0,,
R2_beta_loso_plus_alpha,G_b1p0_r1p5_sc0p5,beta_F,beta,beta_F,2024-01-18,sure,False,4.610768647790031,True,3.690327091222695,0.9204415565673356,40,58,4.75,0.7372125619831388,-0.0671863618365549,0.8798854709867703,1.0,0.1944999319393562,1.0,0.8571428571428572,0.0856147369854828,0.2295081967213115,,,,,40.0,58.0,10:00,14:30,FP_day,0.7372125619831388,-0.10077954275483234,0.8798854709867703,1.0,0.1944999319393562,1.0,0.8571428571428572,0.0428073684927414,0.0,4.610768647790031,0.0,0.0,,
R2_beta_loso_plus_alpha,G_b1p0_r1p5_sc0p5,beta_F,beta,beta_F,2024-02-01,sure,False,3.837657711818491,True,3.690327091222695,0.14733062059579582,56,62,1.75,0.3538718205338388,0.030571109235284,0.5284511411798485,1.0,0.1156974606470092,1.0,0.8571428571428572,-0.126724463075978,-0.2841530054644808,,,,,56.0,62.0,14:00,15:30,FP_day,0.3538718205338388,0.045856663852926,0.5284511411798485,1.0,0.1156974606470092,1.0,0.8571428571428572,-0.063362231537989,-0.0,3.837657711818491,0.0,0.0,,
R2_beta_loso_plus_alpha,G_b1p0_r1p5_sc0p5,beta_F,beta,beta_F,2024-02-18,sure,False,3.8857614932313824,True,3.690327091222695,0.19543440200868734,46,52,1.75,0.389056002015104,-0.0011357228156737,0.7193328348664667,1.0,0.0243310125442046,1.0,0.7857142857142857,-0.0619381153703361,-0.1202185792349727,,,,,46.0,52.0,11:30,13:00,FP_day,0.389056002015104,-0.00170358422351055,0.7193328348664667,1.0,0.0243310125442046,1.0,0.7857142857142857,-0.03096905768516805,-0.0,3.8857614932313824,0.0,0.0,,
R2_beta_loso_plus_alpha,G_b1p0_r1p5_sc0p5,beta_F,beta,beta_F,2024-03-05,sure,False,4.457829747951304,True,3.690327091222695,0.7675026567286087,53,67,3.75,0.6805053567010778,-0.025452528301481,0.5882473616842682,1.0,0.3784075098908291,1.0,0.8571428571428572,-0.0165890900310134,-0.0491803278688525,,,,,53.0,67.0,13:15,16:45,FP_day,0.6805053567010778,-0.0381787924522215,0.5882473616842682,1.0,0.3784075098908291,1.0,0.8571428571428572,-0.0082945450155067,-0.0,4.457829747951304,0.0,0.0,,
R2_beta_loso_plus_alpha,G_b1p0_r1p5_sc0p5,beta_F,beta,beta_F,2024-03-17,sure,False,3.8462818201792177,True,3.690327091222695,0.15595472895652263,46,48,0.75,0.7465470229529894,0.0210147875596764,0.6059747222449519,0.5,0.0,0.9488263815449762,1.0,0.0268230241935707,0.0819672131147541,,,,,46.0,48.0,11:30,12:00,FP_day,0.7465470229529894,0.0315221813395146,0.6059747222449519,0.5,0.0,0.9488263815449762,1.0,0.01341151209678535,0.0,3.8462818201792177,0.0,0.0,,
R2_beta_loso_plus_alpha,G_b1p0_r1p5_sc0p5,beta_F,beta,beta_F,2024-03-18,sure,False,4.233113197374589,True,3.690327091222695,0.5427861061518939,58,61,1.0,0.9761587823414964,0.1291091702376244,0.4790486406431642,0.6666666666666666,0.0103335266613804,0.8944145892455004,0.9642857142857144,0.0970830443484599,0.2950819672131148,,,,,58.0,61.0,14:30,15:15,FP_day,0.9761587823414964,0.1936637553564366,0.4790486406431642,0.6666666666666666,0.0103335266613804,0.8944145892455004,0.9642857142857144,0.04854152217422995,0.0,4.233113197374589,0.0,0.0,,
R2_beta_loso_plus_alpha,G_b1p0_r1p5_sc0p5,beta_F,beta,beta_F,2024-03-24,sure,True,3.166946159173758,False,3.690327091222695,0.5233809320489371,41,55,3.75,0.4510662918536776,0.0326863556524407,0.491524348914445,1.0,0.1568624907911263,1.0,0.0714285714285714,-0.1059301545854473,-0.2349726775956284,43.0,64.0,10:45,16:00,41.0,55.0,10:15,13:45,FN_day,0.4510662918536776,0.04902953347866105,0.491524348914445,1.0,0.1568624907911263,1.0,0.0714285714285714,-0.05296507729272365,-0.0,3.166946159173758,0.0,0.0,,
R2_beta_loso_plus_alpha,G_b1p0_r1p5_sc0p5,beta_F,beta,beta_F,2024-04-21,sure,False,4.353544426739303,True,3.690327091222695,0.6632173355166078,49,56,2.0,0.8533063940871657,0.0744066677636323,0.3360801567669043,1.0,0.147989520304269,0.945151679909668,0.9642857142857144,-0.0097580805197343,-0.0382513661202186,,,,,49.0,56.0,12:15,14:00,FP_day,0.8533063940871657,0.11161000164544846,0.3360801567669043,1.0,0.147989520304269,0.945151679909668,0.9642857142857144,-0.00487904025986715,-0.0,4.353544426739303,0.0,0.0,,
R2_beta_loso_plus_alpha,G_b1p0_r1p5_sc0p5,beta_F,beta,beta_F,2024-05-03,sure,False,3.9511686818613465,True,3.690327091222695,0.2608415906386514,40,50,2.75,0.7542959375373252,0.0333172709689601,0.229748630877953,1.0,0.128958250358996,0.9769980362895528,0.8571428571428572,-0.0919018735975557,-0.1967213114754098,,,,,40.0,50.0,10:00,12:30,FP_day,0.7542959375373252,0.049975906453440154,0.229748630877953,1.0,0.128958250358996,0.9769980362895528,0.8571428571428572,-0.04595093679877785,-0.0,3.9511686818613465,0.0,0.0,,
R2_beta_loso_plus_alpha,G_b1p0_r1p5_sc0p5,beta_F,beta,beta_F,2024-06-05,sure,False,4.149370679405042,True,3.690327091222695,0.4590435881823467,45,49,1.25,0.5830379726704348,0.0098065245277038,0.7653206798999378,0.8333333333333334,0.0,0.942119287222918,1.0,0.0216992389737236,0.0601092896174864,,,,,45.0,49.0,11:15,12:15,FP_day,0.5830379726704348,0.014709786791555698,0.7653206798999378,0.8333333333333334,0.0,0.942119287222918,1.0,0.0108496194868618,0.0,4.149370679405042,0.0,0.0,,
R2_beta_loso_plus_alpha,G_b1p0_r1p5_sc0p5,beta_F,beta,beta_F,2024-06-08,sure,False,3.9044624783237705,True,3.690327091222695,0.21413538710107538,47,52,1.5,0.7251720386039167,0.0157475906241089,0.2944956311646689,1.0,0.0370869505287583,0.9741713625304887,0.8928571428571429,-0.0858840665947369,-0.174863387978142,,,,,47.0,52.0,11:45,13:00,FP_day,0.7251720386039167,0.02362138593616335,0.2944956311646689,1.0,0.0370869505287583,0.9741713625304887,0.8928571428571429,-0.04294203329736845,-0.0,3.9044624783237705,0.0,0.0,,
R2_beta_loso_plus_alpha,G_b1p0_r1p5_sc0p5,beta_F,beta,beta_F,2024-06-20,sure,True,2.801182417399108,False,3.690327091222695,0.8891446738235871,51,54,1.0,0.5550963141356776,0.006420461942043,0.2833331957666403,0.6666666666666666,0.0,0.8968727483534354,0.4642857142857143,-0.1494058294441815,-0.3224043715846995,46.0,54.0,11:30,13:30,51.0,54.0,12:45,13:30,FN_day,0.5550963141356776,0.009630692913064499,0.2833331957666403,0.6666666666666666,0.0,0.8968727483534354,0.4642857142857143,-0.07470291472209074,-0.0,2.801182417399108,0.0,0.0,,
R2_beta_loso_plus_alpha,G_b1p0_r1p5_sc0p5,beta_F,beta,beta_F,2024-07-14,sure,True,3.118470791788859,False,3.690327091222695,0.5718562994338359,47,52,1.5,0.3205208312879533,0.0014777742433429,0.1081851181951724,1.0,0.0099335655872205,1.0,0.8214285714285714,-0.2876279121501456,-0.4590163934426229,47.0,53.0,11:45,13:15,47.0,52.0,11:45,13:00,FN_day,0.3205208312879533,0.00221666136501435,0.1081851181951724,1.0,0.0099335655872205,1.0,0.8214285714285714,-0.1438139560750728,-0.0,3.118470791788859,0.0,0.0,,
R2_beta_loso_plus_alpha,G_b1p0_r1p5_sc0p5,beta_F,beta,beta_F,2024-07-17,sure,True,3.165493131548275,False,3.690327091222695,0.52483395967442,44,47,1.0,0.4025478998942867,0.0279637855999056,0.220078076753974,0.6666666666666666,0.0184860349079812,0.9585626769612504,0.9642857142857144,-0.214159232642913,-0.4043715846994535,43.0,48.0,10:45,12:00,44.0,47.0,11:00,11:45,FN_day,0.4025478998942867,0.041945678399858397,0.220078076753974,0.6666666666666666,0.0184860349079812,0.9585626769612504,0.9642857142857144,-0.1070796163214565,-0.0,3.165493131548275,0.0,0.0,,
R2_beta_loso_plus_alpha,G_b1p0_r1p5_sc0p5,beta_F,beta,beta_F,2024-07-18,sure,False,4.507011893072066,True,3.690327091222695,0.8166848018493713,43,50,2.0,0.7111945364076551,0.0056572479975938,0.8492866580724522,1.0,0.0575714438263576,0.9421044095286012,0.8928571428571429,0.0910236607669319,0.2513661202185793,,,,,43.0,50.0,10:45,12:30,FP_day,0.7111945364076551,0.0084858719963907,0.8492866580724522,1.0,0.0575714438263576,0.9421044095286012,0.8928571428571429,0.04551183038346595,0.0,4.507011893072066,0.0,0.0,,
R2_beta_loso_plus_alpha,G_b1p0_r1p5_sc0p5,beta_F,beta,beta_F,2024-08-02,sure,False,4.43961786764173,True,3.690327091222695,0.7492907764190351,47,55,2.25,0.5946246092240381,0.0644265932112023,0.7231302229487966,1.0,0.1023613155990317,0.9794380739471098,0.9285714285714286,0.0297046550690438,0.092896174863388,,,,,47.0,55.0,11:45,13:45,FP_day,0.5946246092240381,0.09663988981680344,0.7231302229487966,1.0,0.1023613155990317,0.9794380739471098,0.9285714285714286,0.0148523275345219,0.0,4.43961786764173,0.0,0.0,,
R2_beta_loso_plus_alpha,G_b1p0_r1p5_sc0p5,beta_F,beta,beta_F,2024-08-17,sure,False,3.990624834845,True,3.690327091222695,0.3002977436223051,41,60,5.0,0.7795298663114442,-0.0088617511866789,0.3369588366252289,1.0,0.2397640815214017,1.0,0.6785714285714286,-0.0618135028089704,-0.1147540983606557,,,,,41.0,60.0,10:15,15:00,FP_day,0.7795298663114442,-0.01329262678001835,0.3369588366252289,1.0,0.2397640815214017,1.0,0.6785714285714286,-0.0309067514044852,-0.0,3.9906248348449997,0.0,0.0,,
R2_beta_loso_plus_alpha,G_b1p0_r1p5_sc0p5,beta_G,beta,beta_G,2023-10-18,sure,False,3.979110051969078,True,3.68627357302582,0.2928364789432578,50,66,4.25,0.3503753128089584,0.2033694515121392,0.5480419125747916,1.0,0.1504152497357479,0.8892010273575623,0.5714285714285714,0.3291876015904755,0.453551912568306,,,,,50.0,66.0,12:30,16:30,FP_day,0.3503753128089584,0.3050541772682088,0.5480419125747916,1.0,0.1504152497357479,0.8892010273575623,0.5714285714285714,0.16459380079523775,0.0,3.979110051969078,0.0,0.0,,
R2_beta_loso_plus_alpha,G_b1p0_r1p5_sc0p5,beta_G,beta,beta_G,2023-11-06,sure,False,4.179635808121054,True,3.68627357302582,0.4933622350952338,43,54,3.0,0.5605922430867434,0.0754911579985215,0.5636462553744553,1.0,0.1410065368597309,0.8702364050797993,0.75,0.3618352614450859,0.5464480874316939,,,,,43.0,54.0,10:45,13:30,FP_day,0.5605922430867434,0.11323673699778225,0.5636462553744553,1.0,0.1410065368597309,0.8702364050797993,0.75,0.18091763072254294,0.0,4.179635808121054,0.0,0.0,,
R2_beta_loso_plus_alpha,G_b1p0_r1p5_sc0p5,beta_G,beta,beta_G,2023-11-09,sure,False,4.1710430691740905,True,3.68627357302582,0.4847694961482705,49,57,2.25,0.4759298147006149,0.0385744677330442,0.4491295197737199,1.0,0.1894108542768459,1.0,0.8571428571428572,0.2831366433609721,0.3879781420765027,,,,,49.0,57.0,12:15,14:15,FP_day,0.4759298147006149,0.0578617015995663,0.4491295197737199,1.0,0.1894108542768459,1.0,0.8571428571428572,0.14156832168048605,0.0,4.1710430691740905,0.0,0.0,,
R2_beta_loso_plus_alpha,G_b1p0_r1p5_sc0p5,beta_G,beta,beta_G,2023-11-15,sure,True,3.543800093110184,False,3.68627357302582,0.14247347991563597,37,58,5.5,0.8044167310017394,-0.0008178941051706,-0.0453060452290675,1.0,0.0,1.0,0.6785714285714286,0.2146896398476795,0.278688524590164,37.0,56.0,09:15,14:00,37.0,58.0,09:15,14:30,FN_day,0.8044167310017394,-0.0012268411577559,-0.0453060452290675,1.0,0.0,1.0,0.6785714285714286,0.10734481992383975,0.0,3.543800093110184,0.0,0.0,,
R2_beta_loso_plus_alpha,G_b1p0_r1p5_sc0p5,beta_G,beta,beta_G,2023-11-16,sure,True,3.5378876223149187,False,3.68627357302582,0.14838595071090133,40,59,5.0,0.7734726678886,-0.0968974405366961,-0.0658467887117317,1.0,0.0,1.0,0.8928571428571429,0.1655015221719032,0.2131147540983606,40.0,53.0,10:00,13:15,40.0,59.0,10:00,14:45,FN_day,0.7734726678886,-0.14534616080504414,-0.0658467887117317,1.0,0.0,1.0,0.8928571428571429,0.0827507610859516,0.0,3.5378876223149187,0.0,0.0,,
R2_beta_loso_plus_alpha,G_b1p0_r1p5_sc0p5,beta_G,beta,beta_G,2023-11-17,sure,False,4.174077910867615,True,3.68627357302582,0.48780433784179467,54,67,3.5,0.244831980065641,0.0528121308653365,0.6054375774528591,1.0,0.3078937438446699,0.84093439621083,0.9642857142857144,0.2629526054197913,0.355191256830601,,,,,54.0,67.0,13:30,16:45,FP_day,0.244831980065641,0.07921819629800475,0.6054375774528591,1.0,0.3078937438446699,0.84093439621083,0.9642857142857144,0.13147630270989566,0.0,4.174077910867615,0.0,0.0,,
R2_beta_loso_plus_alpha,G_b1p0_r1p5_sc0p5,beta_G,beta,beta_G,2023-11-21,sure,True,3.434620112538932,False,3.68627357302582,0.25165346048688786,55,64,2.5,0.2856848941288951,-0.0445149408502288,0.1786016229034766,1.0,0.0933242465818143,1.0,0.8928571428571429,0.1018492346858934,0.1420765027322403,44.0,63.0,11:00,15:45,55.0,64.0,13:45,16:00,FN_day,0.2856848941288951,-0.0667724112753432,0.1786016229034766,1.0,0.0933242465818143,1.0,0.8928571428571429,0.0509246173429467,0.0,3.434620112538932,0.0,0.0,,
R2_beta_loso_plus_alpha,G_b1p0_r1p5_sc0p5,beta_G,beta,beta_G,2023-12-02,sure,False,3.6881579509563065,True,3.68627357302582,0.0018843779304864583,47,50,1.0,0.7540620940263143,0.0147655159981784,0.1473382105688616,0.6666666666666666,0.0,1.0,0.9642857142857144,0.2673139828229638,0.360655737704918,,,,,47.0,50.0,11:45,12:30,FP_day,0.7540620940263143,0.022148273997267598,0.1473382105688616,0.6666666666666666,0.0,1.0,0.9642857142857144,0.1336569914114819,0.0,3.6881579509563065,0.0,0.0,,
R2_beta_loso_plus_alpha,G_b1p0_r1p5_sc0p5,beta_G,beta,beta_G,2023-12-30,sure,True,3.5733717386310344,False,3.68627357302582,0.11290183439478563,39,51,3.25,0.5917154127311474,0.0139295192997145,0.0186134398483353,1.0,0.0,1.0,0.8571428571428572,0.1700114999182448,0.2240437158469945,38.0,48.0,09:30,12:00,39.0,51.0,09:45,12:45,FN_day,0.5917154127311474,0.02089427894957175,0.0186134398483353,1.0,0.0,1.0,0.8571428571428572,0.0850057499591224,0.0,3.5733717386310344,0.0,0.0,,
R2_beta_loso_plus_alpha,G_b1p0_r1p5_sc0p5,beta_G,beta,beta_G,2024-03-22,sure,False,4.711183993095264,True,3.68627357302582,1.0249104200694439,53,66,3.5,0.4346026281474981,0.0690198807500665,0.8230276563983517,1.0,0.2797508248256773,0.9753448708795848,0.8928571428571429,0.4041420977238179,0.6174863387978142,,,,,53.0,66.0,13:15,16:30,FP_day,0.4346026281474981,0.10352982112509976,0.8230276563983517,1.0,0.2797508248256773,0.9753448708795848,0.8928571428571429,0.20207104886190894,0.0,4.711183993095264,0.0,0.0,,
R2_beta_loso_plus_alpha,G_b1p0_r1p5_sc0p5,beta_G,beta,beta_G,2024-04-08,sure,False,4.182057868963523,True,3.68627357302582,0.4957842959377028,38,61,6.0,0.2274655902504331,0.0475738014385634,0.6636406147058969,1.0,0.1893244632804664,1.0,0.8928571428571429,0.2748187114234769,0.3770491803278688,,,,,38.0,61.0,09:30,15:15,FP_day,0.2274655902504331,0.0713607021578451,0.6636406147058969,1.0,0.1893244632804664,1.0,0.8928571428571429,0.13740935571173846,0.0,4.182057868963523,0.0,0.0,,
R2_beta_loso_plus_alpha,G_b1p0_r1p5_sc0p5,beta_G,beta,beta_G,2024-04-10,sure,False,4.140985709420099,True,3.68627357302582,0.4547121363942792,37,62,6.5,0.4765026000434739,0.0418766413134893,0.737020293942444,1.0,0.210166195315742,1.0,0.4642857142857143,0.3803918877249815,0.5792349726775956,,,,,37.0,62.0,09:15,15:30,FP_day,0.4765026000434739,0.06281496197023395,0.737020293942444,1.0,0.210166195315742,1.0,0.4642857142857143,0.19019594386249075,0.0,4.140985709420099,0.0,0.0,,
R2_beta_loso_plus_alpha,G_b1p0_r1p5_sc0p5,beta_G,beta,beta_G,2024-05-19,sure,False,4.141377904651495,True,3.68627357302582,0.4551043316256753,46,58,3.25,0.9500021824862996,0.0814857757239226,0.0500872942470051,1.0,0.0721202485625598,1.0,0.7857142857142857,0.3224504601109216,0.4426229508196722,,,,,46.0,58.0,11:30,14:30,FP_day,0.9500021824862996,0.1222286635858839,0.0500872942470051,1.0,0.0721202485625598,1.0,0.7857142857142857,0.1612252300554608,0.0,4.1413779046514945,0.0,0.0,,
R2_beta_loso_plus_alpha,G_b1p0_r1p5_sc0p5,beta_G,beta,beta_G,2024-06-16,sure,True,3.526206921559348,False,3.68627357302582,0.16006665146647192,44,55,3.0,0.0260753446535166,-0.0479483472120749,0.5881845645813268,1.0,0.0718795272239452,0.9437849147451448,0.8928571428571429,0.1506958966327686,0.1857923497267759,44.0,55.0,11:00,13:45,44.0,55.0,11:00,13:45,FN_day,0.0260753446535166,-0.07192252081811235,0.5881845645813268,1.0,0.0718795272239452,0.9437849147451448,0.8928571428571429,0.0753479483163843,0.0,3.526206921559348,0.0,0.0,,
R2_beta_loso_plus_alpha,G_b1p0_r1p5_sc0p5,beta_G,beta,beta_G,2024-06-28,sure,True,3.3429506475362523,False,3.68627357302582,0.3433229254895678,47,56,2.5,0.136869446507367,-0.0267159052231407,0.466052800754564,1.0,0.0353579577089972,0.91774722208098,0.75,0.1539941566381092,0.2021857923497267,46.0,56.0,11:30,14:00,47.0,56.0,11:45,14:00,FN_day,0.136869446507367,-0.04007385783471105,0.466052800754564,1.0,0.0353579577089972,0.91774722208098,0.75,0.0769970783190546,0.0,3.3429506475362523,0.0,0.0,,
R2_beta_loso_plus_alpha,G_b1p0_r1p5_sc0p5,beta_G,beta,beta_G,2024-08-18,sure,False,3.9906871760721514,True,3.68627357302582,0.30441360304633136,41,53,3.25,0.9169298674637708,0.01658468079684,0.0034423332468105,1.0,0.051172928792959,1.0,0.8571428571428572,0.2742443364609863,0.3715846994535519,,,,,41.0,53.0,10:15,13:15,FP_day,0.9169298674637708,0.024877021195260002,0.0034423332468105,1.0,0.051172928792959,1.0,0.8571428571428572,0.13712216823049314,0.0,3.9906871760721505,0.0,0.0,,
R2_beta_loso_plus_alpha,G_b1p0_r1p5_sc0p5,beta_G,beta,beta_G,2024-08-19,sure,False,3.9412355153457823,True,3.68627357302582,0.2549619423199623,37,61,6.25,0.5331695282255144,-0.0760322369180819,0.4773195863801682,1.0,0.1223749694757476,1.0,0.7857142857142857,0.2734110018543794,0.3661202185792349,,,,,37.0,61.0,09:15,15:15,FP_day,0.5331695282255144,-0.11404835537712285,0.4773195863801682,1.0,0.1223749694757476,1.0,0.7857142857142857,0.1367055009271897,0.0,3.9412355153457823,0.0,0.0,,
R2_beta_loso_plus_alpha,G_b1p0_r1p5_sc0p5,beta_G,beta,beta_G,2024-08-21,sure,False,4.215958512785833,True,3.68627357302582,0.529684939760013,39,59,5.25,0.562453702953671,-0.0146810573313002,0.648980435067953,1.0,0.1318387117144683,1.0,0.7142857142857143,0.3608430695219538,0.540983606557377,,,,,39.0,59.0,09:45,14:45,FP_day,0.562453702953671,-0.0220215859969503,0.648980435067953,1.0,0.1318387117144683,1.0,0.7142857142857143,0.1804215347609769,0.0,4.215958512785833,0.0,0.0,,
R2_beta_loso_plus_alpha,G_b1p0_r1p5_sc0p5,beta_G,beta,beta_G,2024-08-22,sure,False,4.451127089124437,True,3.68627357302582,0.7648535160986172,44,61,4.5,0.3645484735527121,0.1147706538292361,0.726484283438411,1.0,0.1845798568449062,1.0,0.8214285714285714,0.3638598462319655,0.5519125683060109,,,,,44.0,61.0,11:00,15:15,FP_day,0.3645484735527121,0.17215598074385413,0.726484283438411,1.0,0.1845798568449062,1.0,0.8214285714285714,0.18192992311598274,0.0,4.451127089124437,0.0,0.0,,
R2_beta_loso_plus_alpha,G_b1p0_r1p5_sc0p5,beta_G,beta,beta_G,2024-08-23,sure,False,4.241342297705076,True,3.68627357302582,0.555068724679256,38,62,6.25,0.4922001754191793,-0.0243230547724988,0.6412730135343148,1.0,0.1928183615199558,1.0,0.7857142857142857,0.3316420873521775,0.459016393442623,,,,,38.0,62.0,09:30,15:30,FP_day,0.4922001754191793,-0.036484582158748204,0.6412730135343148,1.0,0.1928183615199558,1.0,0.7857142857142857,0.16582104367608874,0.0,4.241342297705076,0.0,0.0,,
R2_beta_loso_plus_alpha,G_b1p0_r1p5_sc0p5,beta_G,beta,beta_G,2024-08-24,sure,False,4.704266697891578,True,3.68627357302582,1.0179931248657579,51,62,3.0,0.5560340747626876,0.0833149493227587,0.7668919723370766,1.0,0.1481748965675231,1.0,0.8928571428571429,0.4306723747660201,0.6612021857923498,,,,,51.0,62.0,12:45,15:30,FP_day,0.5560340747626876,0.12497242398413805,0.7668919723370766,1.0,0.1481748965675231,1.0,0.8928571428571429,0.21533618738301005,0.0,4.704266697891578,0.0,0.0,,
R2_beta_loso_plus_alpha,G_b1p0_r1p5_sc0p5,beta_G,beta,beta_G,2024-09-12,sure,False,4.196901570155919,True,3.68627357302582,0.5106279971300993,40,55,4.0,0.4411338784484706,0.1074543576954371,0.5714715328118857,1.0,0.1769038776424237,1.0,0.6785714285714286,0.3352786322771102,0.4754098360655738,,,,,40.0,55.0,10:00,13:45,FP_day,0.4411338784484706,0.16118153654315565,0.5714715328118857,1.0,0.1769038776424237,1.0,0.6785714285714286,0.1676393161385551,0.0,4.196901570155919,0.0,0.0,,
R2_beta_loso_plus_alpha,G_b1p0_r1p5_sc0p5,beta_G,beta,beta_G,2024-09-13,sure,False,3.741265246767917,True,3.68627357302582,0.054991673742097014,35,63,7.25,0.5203140822774502,0.0240412217308624,0.300337777965386,1.0,0.1199495427634385,1.0,0.6428571428571428,0.243489736616412,0.3169398907103824,,,,,35.0,63.0,08:45,15:45,FP_day,0.5203140822774502,0.0360618325962936,0.300337777965386,1.0,0.1199495427634385,1.0,0.6428571428571428,0.121744868308206,0.0,3.741265246767917,0.0,0.0,,
R2_beta_loso_plus_alpha,G_b1p0_r1p5_sc0p5,beta_G,beta,beta_G,2024-09-24,sure,True,3.21352322046895,False,3.68627357302582,0.4727503525568699,38,50,3.25,0.0825168836434031,-0.0240857379383635,0.2877724329189298,1.0,0.1264135121118635,1.0,0.7142857142857143,0.0773265688331689,0.098360655737705,37.0,55.0,09:15,13:45,38.0,50.0,09:30,12:30,FN_day,0.0825168836434031,-0.036128606907545255,0.2877724329189298,1.0,0.1264135121118635,1.0,0.7142857142857143,0.03866328441658445,0.0,3.21352322046895,0.0,0.0,,
R2_beta_loso_plus_alpha,G_b1p0_r1p5_sc0p5,beta_H,beta,beta_H,2023-10-05,sure,True,3.552416360416796,False,3.690327091222695,0.1379107308058991,45,60,4.0,0.0854411232298116,-0.0563152802533361,0.4675691541204225,1.0,0.0380675956512362,1.0,0.8928571428571429,0.305908529876374,0.9234972677595628,47.0,61.0,11:45,15:15,45.0,60.0,11:15,15:00,FN_day,0.0854411232298116,-0.08447292038000415,0.4675691541204225,1.0,0.0380675956512362,1.0,0.8928571428571429,0.152954264938187,0.0,3.552416360416796,0.0,0.0,,
R2_beta_loso_plus_alpha,G_b1p0_r1p5_sc0p5,beta_H,beta,beta_H,2023-11-09,sure,False,3.69829852830305,True,3.690327091222695,0.00797143708035497,47,55,2.25,0.4883245960437483,-0.0090485760999741,0.1701727454007867,1.0,0.0892465389813933,1.0,0.7857142857142857,0.356826452625595,0.9453551912568304,,,,,47.0,55.0,11:45,13:45,FP_day,0.4883245960437483,-0.013572864149961148,0.1701727454007867,1.0,0.0892465389813933,1.0,0.7857142857142857,0.1784132263127975,0.0,3.69829852830305,0.0,0.0,,
R2_beta_loso_plus_alpha,G_b1p0_r1p5_sc0p5,beta_H,beta,beta_H,2024-09-22,sure,False,3.742538122223261,True,3.690327091222695,0.0522110310005659,39,56,4.5,-0.3312654720779724,-0.1488508139638726,0.9144377942851968,1.0,0.2757976232135346,1.0,0.9642857142857144,0.285117366925192,0.9180327868852458,,,,,39.0,56.0,09:45,14:00,FP_day,-0.3312654720779724,-0.2232762209458089,0.9144377942851968,1.0,0.2757976232135346,1.0,0.9642857142857144,0.142558683462596,0.0,3.7425381222232605,0.0,0.0,,
