subset_mask,feature_count,feature_set,feature_set_short,beta_sure_support,beta_sure_positive_support,beta_sure_tp,beta_sure_fp,beta_sure_fn,beta_sure_tn,beta_sure_precision,beta_sure_recall,beta_sure_f1,beta_sure_macro_precision,beta_sure_macro_recall,beta_sure_macro_f1,beta_all_support,beta_all_positive_support,beta_all_tp,beta_all_fp,beta_all_fn,beta_all_tn,beta_all_precision,beta_all_recall,beta_all_f1
1,1,F1_bridge_improvement,F1,2310,471,454,265,17,1574,0.631432545201669,0.9639065817409767,0.7630252100840336,0.46282658391223486,0.7965588235294118,0.5589276229172309,2928,630,579,549,51,1749,0.5132978723404256,0.919047619047619,0.658703071672355
10,2,F2_roughness_improvement + F4_duration_plausibility,F2+F4,2310,471,434,177,37,1662,0.7103109656301145,0.921443736730361,0.8022181146025877,0.5042864881550561,0.7019330277565572,0.5652269860636747,2928,630,540,356,90,1942,0.6026785714285714,0.8571428571428571,0.7077326343381388
13,3,F1_bridge_improvement + F3_slope_continuity_improvement + F4_duration_plausibility,F1+F3+F4,2310,471,434,127,37,1712,0.7736185383244206,0.921443736730361,0.8410852713178293,0.5695012066651679,0.7407948603683898,0.6297736543792913,2928,630,546,324,84,1974,0.6275862068965518,0.8666666666666667,0.7280000000000001
27,4,F1_bridge_improvement + F2_roughness_improvement + F4_duration_plausibility + F5_n_height_ratio,F1+F2+F4+F5,2310,471,425,92,46,1747,0.8220502901353965,0.9023354564755839,0.8603238866396761,0.6280131536735964,0.7302737670825906,0.6595006331621356,2928,630,527,227,103,2071,0.6989389920424404,0.8365079365079365,0.7615606936416186
107,5,F1_bridge_improvement + F2_roughness_improvement + F4_duration_plausibility + F6_solar_strength_ratio + F7_solar_peak_alignment,F1+F2+F4+F6+F7,2310,471,432,80,39,1759,0.84375,0.9171974522292994,0.878942014242116,0.6165780068811325,0.7366270967594497,0.6604017921990121,2928,630,536,223,94,2075,0.7061923583662714,0.8507936507936508,0.7717782577393809
123,6,F1_bridge_improvement + F2_roughness_improvement + F4_duration_plausibility + F5_n_height_ratio + F6_solar_strength_ratio + F7_solar_peak_alignment,F1+F2+F4+F5+F6+F7,2310,471,443,96,28,1743,0.8218923933209648,0.940552016985138,0.8772277227722772,0.6166860766045549,0.7785758489876137,0.6809245702820301,2928,630,555,258,75,2040,0.6826568265682657,0.8809523809523809,0.7692307692307692
223,7,F1_bridge_improvement + F2_roughness_improvement + F3_slope_continuity_improvement + F4_duration_plausibility + F5_n_height_ratio + F7_solar_peak_alignment + F8_substation_centered_core_score,F1+F2+F3+F4+F5+F7+F8,2310,471,424,98,47,1741,0.8122605363984674,0.9002123142250531,0.8539778449144009,0.5867510466394847,0.731308229352347,0.6369341583339154,2928,630,521,226,109,2072,0.6974564926372155,0.8269841269841269,0.756717501815541
255,8,F1_bridge_improvement + F2_roughness_improvement + F3_slope_continuity_improvement + F4_duration_plausibility + F5_n_height_ratio + F6_solar_strength_ratio + F7_solar_peak_alignment + F8_substation_centered_core_score,F1+F2+F3+F4+F5+F6+F7+F8,2310,471,422,91,49,1748,0.8226120857699805,0.8959660297239915,0.8577235772357723,0.5957366632744621,0.7295506535947712,0.6419634164977053,2928,630,519,210,111,2088,0.7119341563786008,0.8238095238095238,0.7637969094922737
511,9,F1_bridge_improvement + F2_roughness_improvement + F3_slope_continuity_improvement + F4_duration_plausibility + F5_n_height_ratio + F6_solar_strength_ratio + F7_solar_peak_alignment + F8_substation_centered_core_score + F9_substation_rank_core_score,F1+F2+F3+F4+F5+F6+F7+F8+F9,2310,471,416,130,55,1709,0.7619047619047619,0.8832271762208068,0.8180924287118977,0.5778982665012077,0.8171812240047533,0.6361542377501266,2928,630,516,264,114,2034,0.6615384615384615,0.819047619047619,0.7319148936170211
