regime,variant,substation_id,date,confidence,day_group,true_day,pred_day,score,threshold,confidence_score,true_start_time,true_end_time,pred_start_time,pred_end_time,v03_selected_duration_h
R2_beta_loso_plus_alpha,G_b1p0_r1p5_sc0p5,beta_A,2023-10-19,sure,FN_day,True,False,3.0345485003782904,3.690327091222695,0.6557785908444047,12:45,14:45,14:00,14:30,0.75
R2_beta_loso_plus_alpha,G_b1p0_r1p5_sc0p5,beta_A,2023-11-22,sure,FN_day,True,False,3.060994978511274,3.690327091222695,0.6293321127114213,13:15,13:45,12:15,12:30,0.5
R2_beta_loso_plus_alpha,G_b1p0_r1p5_sc0p5,beta_B,2023-10-22,sure,FN_day,True,False,3.371013087392216,3.690327091222695,0.3193140038304789,10:00,14:15,09:45,14:00,4.5
R2_beta_loso_plus_alpha,G_b1p0_r1p5_sc0p5,beta_B,2023-11-27,sure,FN_day,True,False,3.3833761530504924,3.690327091222695,0.30695093817220265,10:15,14:00,10:30,15:30,5.25
R2_beta_loso_plus_alpha,G_b1p0_r1p5_sc0p5,beta_B,2024-01-02,sure,FN_day,True,False,3.062921201601016,3.690327091222695,0.627405889621679,12:15,14:45,12:45,13:00,0.5
R2_beta_loso_plus_alpha,G_b1p0_r1p5_sc0p5,beta_B,2024-01-20,sure,FN_day,True,False,3.2316056396715744,3.690327091222695,0.45872145155112065,10:45,15:15,10:15,14:15,4.25
R2_beta_loso_plus_alpha,G_b1p0_r1p5_sc0p5,beta_B,2024-02-12,sure,FN_day,True,False,3.6787831379930673,3.690327091222695,0.011543953229627757,11:30,13:15,10:00,11:15,1.5
R2_beta_loso_plus_alpha,G_b1p0_r1p5_sc0p5,beta_B,2024-03-05,sure,FN_day,True,False,3.5742021948062233,3.690327091222695,0.11612489641647183,12:30,14:15,09:45,15:45,6.25
R2_beta_loso_plus_alpha,G_b1p0_r1p5_sc0p5,beta_B,2024-05-23,sure,FN_day,True,False,3.6170715242535074,3.690327091222695,0.07325556696918767,11:30,14:30,11:30,14:30,3.25
R2_beta_loso_plus_alpha,G_b1p0_r1p5_sc0p5,beta_B,2024-05-29,sure,FN_day,True,False,3.543809873672836,3.690327091222695,0.14651721754985925,10:30,14:00,10:00,14:30,4.75
R2_beta_loso_plus_alpha,G_b1p0_r1p5_sc0p5,beta_B,2024-06-26,sure,FN_day,True,False,3.3398462566379883,3.690327091222695,0.3504808345847068,11:00,13:45,11:00,13:45,3.0
R2_beta_loso_plus_alpha,G_b1p0_r1p5_sc0p5,beta_B,2024-06-27,sure,FN_day,True,False,3.372400634091103,3.690327091222695,0.31792645713159207,11:00,14:00,10:45,14:45,4.25
R2_beta_loso_plus_alpha,G_b1p0_r1p5_sc0p5,beta_B,2024-07-25,sure,FN_day,True,False,3.4070484331094604,3.690327091222695,0.2832786581132347,11:00,13:45,11:15,13:30,2.5
R2_beta_loso_plus_alpha,G_b1p0_r1p5_sc0p5,beta_B,2024-07-28,sure,FN_day,True,False,3.6169069554885125,3.690327091222695,0.0734201357341826,10:45,14:00,10:45,14:15,3.75
R2_beta_loso_plus_alpha,G_b1p0_r1p5_sc0p5,beta_B,2024-08-03,sure,FN_day,True,False,3.5529996034178306,3.690327091222695,0.13732748780486448,10:30,15:00,10:30,15:00,4.75
R2_beta_loso_plus_alpha,G_b1p0_r1p5_sc0p5,beta_D,2023-10-12,sure,FN_day,True,False,2.496442458298117,3.690327091222695,1.1938846329245782,11:15,13:00,10:00,10:15,0.5
R2_beta_loso_plus_alpha,G_b1p0_r1p5_sc0p5,beta_D,2023-10-29,sure,FN_day,True,False,2.8907996223303978,3.690327091222695,0.7995274688922973,12:00,14:15,09:00,10:15,1.5
R2_beta_loso_plus_alpha,G_b1p0_r1p5_sc0p5,beta_D,2023-11-18,sure,FN_day,True,False,3.1773491360352337,3.690327091222695,0.5129779551874614,11:45,14:45,09:45,11:00,1.5
R2_beta_loso_plus_alpha,G_b1p0_r1p5_sc0p5,beta_D,2024-03-28,sure,FN_day,True,False,3.5622525405618894,3.690327091222695,0.12807455066080564,11:45,15:15,12:15,15:15,3.25
R2_beta_loso_plus_alpha,G_b1p0_r1p5_sc0p5,beta_D,2024-04-21,sure,FN_day,True,False,2.46272906223157,3.690327091222695,1.227598028991125,13:45,14:15,14:00,14:15,0.5
R2_beta_loso_plus_alpha,G_b1p0_r1p5_sc0p5,beta_D,2024-08-27,sure,FN_day,True,False,3.009489963603108,3.690327091222695,0.6808371276195873,10:45,13:45,09:30,10:15,1.0
R2_beta_loso_plus_alpha,G_b1p0_r1p5_sc0p5,beta_D,2024-09-14,sure,FN_day,True,False,3.0491675310544424,3.690327091222695,0.6411595601682527,12:00,13:00,10:30,10:45,0.5
R2_beta_loso_plus_alpha,G_b1p0_r1p5_sc0p5,beta_F,2024-01-13,sure,FN_day,True,False,3.530946766759134,3.690327091222695,0.15938032446356099,09:45,13:00,09:30,13:30,4.25
R2_beta_loso_plus_alpha,G_b1p0_r1p5_sc0p5,beta_F,2024-03-24,sure,FN_day,True,False,3.166946159173758,3.690327091222695,0.5233809320489371,10:45,16:00,10:15,13:45,3.75
R2_beta_loso_plus_alpha,G_b1p0_r1p5_sc0p5,beta_F,2024-06-20,sure,FN_day,True,False,2.801182417399108,3.690327091222695,0.8891446738235871,11:30,13:30,12:45,13:30,1.0
R2_beta_loso_plus_alpha,G_b1p0_r1p5_sc0p5,beta_F,2024-07-14,sure,FN_day,True,False,3.118470791788859,3.690327091222695,0.5718562994338359,11:45,13:15,11:45,13:00,1.5
R2_beta_loso_plus_alpha,G_b1p0_r1p5_sc0p5,beta_F,2024-07-17,sure,FN_day,True,False,3.165493131548275,3.690327091222695,0.52483395967442,10:45,12:00,11:00,11:45,1.0
R2_beta_loso_plus_alpha,G_b1p0_r1p5_sc0p5,beta_G,2023-11-15,sure,FN_day,True,False,3.543800093110184,3.68627357302582,0.14247347991563597,09:15,14:00,09:15,14:30,5.5
R2_beta_loso_plus_alpha,G_b1p0_r1p5_sc0p5,beta_G,2023-11-16,sure,FN_day,True,False,3.5378876223149187,3.68627357302582,0.14838595071090133,10:00,13:15,10:00,14:45,5.0
R2_beta_loso_plus_alpha,G_b1p0_r1p5_sc0p5,beta_G,2023-11-21,sure,FN_day,True,False,3.434620112538932,3.68627357302582,0.25165346048688786,11:00,15:45,13:45,16:00,2.5
R2_beta_loso_plus_alpha,G_b1p0_r1p5_sc0p5,beta_G,2023-12-30,sure,FN_day,True,False,3.5733717386310344,3.68627357302582,0.11290183439478563,09:30,12:00,09:45,12:45,3.25
R2_beta_loso_plus_alpha,G_b1p0_r1p5_sc0p5,beta_G,2024-06-16,sure,FN_day,True,False,3.526206921559348,3.68627357302582,0.16006665146647192,11:00,13:45,11:00,13:45,3.0
R2_beta_loso_plus_alpha,G_b1p0_r1p5_sc0p5,beta_G,2024-06-28,sure,FN_day,True,False,3.3429506475362523,3.68627357302582,0.3433229254895678,11:30,14:00,11:45,14:00,2.5
R2_beta_loso_plus_alpha,G_b1p0_r1p5_sc0p5,beta_G,2024-09-24,sure,FN_day,True,False,3.21352322046895,3.68627357302582,0.4727503525568699,09:15,13:45,09:30,12:30,3.25
R2_beta_loso_plus_alpha,G_b1p0_r1p5_sc0p5,beta_H,2023-10-05,sure,FN_day,True,False,3.552416360416796,3.690327091222695,0.1379107308058991,11:45,15:15,11:15,15:00,4.0
R2_beta_loso_plus_alpha,G_b1p0_r1p5_sc0p5,beta_A,2023-11-08,sure,FP_day,False,True,4.302909206560201,3.690327091222695,0.6125821153375055,,,12:00,12:45,1.0
R2_beta_loso_plus_alpha,G_b1p0_r1p5_sc0p5,beta_A,2023-11-16,sure,FP_day,False,True,3.9086613891431483,3.690327091222695,0.21833429792045322,,,12:00,12:45,1.0
R2_beta_loso_plus_alpha,G_b1p0_r1p5_sc0p5,beta_A,2023-12-22,sure,FP_day,False,True,3.9374224094844483,3.690327091222695,0.24709531826175324,,,11:45,12:15,0.75
R2_beta_loso_plus_alpha,G_b1p0_r1p5_sc0p5,beta_A,2024-01-05,sure,FP_day,False,True,3.8447166879529573,3.690327091222695,0.1543895967302622,,,12:15,12:30,0.5
R2_beta_loso_plus_alpha,G_b1p0_r1p5_sc0p5,beta_A,2024-04-06,sure,FP_day,False,True,4.003232857592385,3.690327091222695,0.31290576636969014,,,12:00,13:30,1.75
R2_beta_loso_plus_alpha,G_b1p0_r1p5_sc0p5,beta_A,2024-04-16,sure,FP_day,False,True,3.889338230597141,3.690327091222695,0.1990111393744458,,,11:00,12:45,2.0
R2_beta_loso_plus_alpha,G_b1p0_r1p5_sc0p5,beta_A,2024-04-22,sure,FP_day,False,True,3.883064123242285,3.690327091222695,0.1927370320195898,,,10:45,13:15,2.75
R2_beta_loso_plus_alpha,G_b1p0_r1p5_sc0p5,beta_A,2024-04-28,sure,FP_day,False,True,3.9926858903374747,3.690327091222695,0.3023587991147796,,,10:45,12:45,2.25
R2_beta_loso_plus_alpha,G_b1p0_r1p5_sc0p5,beta_A,2024-08-23,sure,FP_day,False,True,3.917036987088476,3.690327091222695,0.22670989586578072,,,11:30,14:00,2.75
R2_beta_loso_plus_alpha,G_b1p0_r1p5_sc0p5,beta_A,2024-08-28,sure,FP_day,False,True,4.052325147165238,3.690327091222695,0.36199805594254286,,,12:15,13:30,1.5
R2_beta_loso_plus_alpha,G_b1p0_r1p5_sc0p5,beta_A,2024-09-24,sure,FP_day,False,True,3.7327251428153074,3.690327091222695,0.04239805159261234,,,10:30,10:45,0.5
R2_beta_loso_plus_alpha,G_b1p0_r1p5_sc0p5,beta_B,2023-12-28,sure,FP_day,False,True,3.9193432623185136,3.690327091222695,0.2290161710958185,,,11:00,11:45,1.0
R2_beta_loso_plus_alpha,G_b1p0_r1p5_sc0p5,beta_D,2023-11-13,sure,FP_day,False,True,3.9002000312103,3.690327091222695,0.20987293998760492,,,11:45,14:15,2.75
R2_beta_loso_plus_alpha,G_b1p0_r1p5_sc0p5,beta_D,2023-11-24,sure,FP_day,False,True,4.3392133533606865,3.690327091222695,0.6488862621379914,,,09:15,11:00,2.0
R2_beta_loso_plus_alpha,G_b1p0_r1p5_sc0p5,beta_D,2023-11-26,sure,FP_day,False,True,4.0380543525671,3.690327091222695,0.3477272613444047,,,10:30,13:00,2.75
R2_beta_loso_plus_alpha,G_b1p0_r1p5_sc0p5,beta_D,2023-11-27,sure,FP_day,False,True,3.706056667538758,3.690327091222695,0.015729576316062754,,,09:00,14:45,6.0
R2_beta_loso_plus_alpha,G_b1p0_r1p5_sc0p5,beta_D,2023-11-29,sure,FP_day,False,True,3.81657343431031,3.690327091222695,0.12624634308761484,,,11:00,11:30,0.75
R2_beta_loso_plus_alpha,G_b1p0_r1p5_sc0p5,beta_D,2024-04-14,sure,FP_day,False,True,3.7023162436907575,3.690327091222695,0.011989152468062425,,,08:45,14:45,6.25
R2_beta_loso_plus_alpha,G_b1p0_r1p5_sc0p5,beta_D,2024-06-06,sure,FP_day,False,True,3.8938386911412475,3.690327091222695,0.2035115999185524,,,10:30,15:00,4.75
R2_beta_loso_plus_alpha,G_b1p0_r1p5_sc0p5,beta_D,2024-06-09,sure,FP_day,False,True,4.2723325903328115,3.690327091222695,0.5820054991101165,,,12:15,13:15,1.25
R2_beta_loso_plus_alpha,G_b1p0_r1p5_sc0p5,beta_D,2024-09-25,sure,FP_day,False,True,3.9195173736648052,3.690327091222695,0.22919028244211015,,,13:00,13:45,1.0
R2_beta_loso_plus_alpha,G_b1p0_r1p5_sc0p5,beta_D,2024-09-29,sure,FP_day,False,True,4.305588700425166,3.690327091222695,0.615261609202471,,,09:45,13:00,3.5
R2_beta_loso_plus_alpha,G_b1p0_r1p5_sc0p5,beta_E,2023-11-02,sure,FP_day,False,True,4.674835566112659,3.6775555499703607,0.9972800161422981,,,13:15,15:15,2.25
R2_beta_loso_plus_alpha,G_b1p0_r1p5_sc0p5,beta_E,2024-03-21,sure,FP_day,False,True,3.7749795281352423,3.6775555499703607,0.09742397816488158,,,14:45,15:15,0.75
R2_beta_loso_plus_alpha,G_b1p0_r1p5_sc0p5,beta_E,2024-04-03,sure,FP_day,False,True,3.837787698669438,3.6775555499703607,0.1602321486990772,,,13:45,14:45,1.25
R2_beta_loso_plus_alpha,G_b1p0_r1p5_sc0p5,beta_E,2024-04-12,sure,FP_day,False,True,4.295610710465403,3.6775555499703607,0.6180551604950422,,,11:15,12:30,1.5
R2_beta_loso_plus_alpha,G_b1p0_r1p5_sc0p5,beta_E,2024-08-20,sure,FP_day,False,True,3.6850578102045293,3.6775555499703607,0.007502260234168556,,,11:15,13:45,2.75
R2_beta_loso_plus_alpha,G_b1p0_r1p5_sc0p5,beta_E,2024-09-24,sure,FP_day,False,True,4.4670186060359125,3.6775555499703607,0.7894630560655518,,,11:15,12:00,1.0
R2_beta_loso_plus_alpha,G_b1p0_r1p5_sc0p5,beta_F,2023-12-24,sure,FP_day,False,True,4.848080755838417,3.690327091222695,1.157753664615722,,,13:15,14:45,1.75
R2_beta_loso_plus_alpha,G_b1p0_r1p5_sc0p5,beta_F,2023-12-25,sure,FP_day,False,True,4.547241999724453,3.690327091222695,0.856914908501758,,,10:00,13:15,3.5
R2_beta_loso_plus_alpha,G_b1p0_r1p5_sc0p5,beta_F,2023-12-26,sure,FP_day,False,True,3.9820249223952966,3.690327091222695,0.2916978311726015,,,09:00,13:45,5.0
R2_beta_loso_plus_alpha,G_b1p0_r1p5_sc0p5,beta_F,2024-01-09,sure,FP_day,False,True,4.872368739895668,3.690327091222695,1.182041648672973,,,14:15,15:30,1.5
R2_beta_loso_plus_alpha,G_b1p0_r1p5_sc0p5,beta_F,2024-01-17,sure,FP_day,False,True,4.164145318013905,3.690327091222695,0.47381822679121033,,,09:30,12:30,3.25
R2_beta_loso_plus_alpha,G_b1p0_r1p5_sc0p5,beta_F,2024-01-18,sure,FP_day,False,True,4.610768647790031,3.690327091222695,0.9204415565673356,,,10:00,14:30,4.75
R2_beta_loso_plus_alpha,G_b1p0_r1p5_sc0p5,beta_F,2024-02-01,sure,FP_day,False,True,3.837657711818491,3.690327091222695,0.14733062059579582,,,14:00,15:30,1.75
R2_beta_loso_plus_alpha,G_b1p0_r1p5_sc0p5,beta_F,2024-02-18,sure,FP_day,False,True,3.8857614932313824,3.690327091222695,0.19543440200868734,,,11:30,13:00,1.75
R2_beta_loso_plus_alpha,G_b1p0_r1p5_sc0p5,beta_F,2024-03-05,sure,FP_day,False,True,4.457829747951304,3.690327091222695,0.7675026567286087,,,13:15,16:45,3.75
R2_beta_loso_plus_alpha,G_b1p0_r1p5_sc0p5,beta_F,2024-03-17,sure,FP_day,False,True,3.8462818201792177,3.690327091222695,0.15595472895652263,,,11:30,12:00,0.75
R2_beta_loso_plus_alpha,G_b1p0_r1p5_sc0p5,beta_F,2024-03-18,sure,FP_day,False,True,4.233113197374589,3.690327091222695,0.5427861061518939,,,14:30,15:15,1.0
R2_beta_loso_plus_alpha,G_b1p0_r1p5_sc0p5,beta_F,2024-04-21,sure,FP_day,False,True,4.353544426739303,3.690327091222695,0.6632173355166078,,,12:15,14:00,2.0
R2_beta_loso_plus_alpha,G_b1p0_r1p5_sc0p5,beta_F,2024-05-03,sure,FP_day,False,True,3.9511686818613465,3.690327091222695,0.2608415906386514,,,10:00,12:30,2.75
R2_beta_loso_plus_alpha,G_b1p0_r1p5_sc0p5,beta_F,2024-06-05,sure,FP_day,False,True,4.149370679405042,3.690327091222695,0.4590435881823467,,,11:15,12:15,1.25
R2_beta_loso_plus_alpha,G_b1p0_r1p5_sc0p5,beta_F,2024-06-08,sure,FP_day,False,True,3.9044624783237705,3.690327091222695,0.21413538710107538,,,11:45,13:00,1.5
R2_beta_loso_plus_alpha,G_b1p0_r1p5_sc0p5,beta_F,2024-07-18,sure,FP_day,False,True,4.507011893072066,3.690327091222695,0.8166848018493713,,,10:45,12:30,2.0
R2_beta_loso_plus_alpha,G_b1p0_r1p5_sc0p5,beta_F,2024-08-02,sure,FP_day,False,True,4.43961786764173,3.690327091222695,0.7492907764190351,,,11:45,13:45,2.25
R2_beta_loso_plus_alpha,G_b1p0_r1p5_sc0p5,beta_F,2024-08-17,sure,FP_day,False,True,3.9906248348449997,3.690327091222695,0.30029774362230466,,,10:15,15:00,5.0
R2_beta_loso_plus_alpha,G_b1p0_r1p5_sc0p5,beta_G,2023-10-18,sure,FP_day,False,True,3.979110051969078,3.68627357302582,0.2928364789432578,,,12:30,16:30,4.25
R2_beta_loso_plus_alpha,G_b1p0_r1p5_sc0p5,beta_G,2023-11-06,sure,FP_day,False,True,4.179635808121054,3.68627357302582,0.4933622350952338,,,10:45,13:30,3.0
R2_beta_loso_plus_alpha,G_b1p0_r1p5_sc0p5,beta_G,2023-11-09,sure,FP_day,False,True,4.1710430691740905,3.68627357302582,0.4847694961482705,,,12:15,14:15,2.25
R2_beta_loso_plus_alpha,G_b1p0_r1p5_sc0p5,beta_G,2023-11-17,sure,FP_day,False,True,4.174077910867615,3.68627357302582,0.48780433784179467,,,13:30,16:45,3.5
R2_beta_loso_plus_alpha,G_b1p0_r1p5_sc0p5,beta_G,2023-12-02,sure,FP_day,False,True,3.6881579509563065,3.68627357302582,0.0018843779304864583,,,11:45,12:30,1.0
R2_beta_loso_plus_alpha,G_b1p0_r1p5_sc0p5,beta_G,2024-03-22,sure,FP_day,False,True,4.711183993095264,3.68627357302582,1.0249104200694439,,,13:15,16:30,3.5
R2_beta_loso_plus_alpha,G_b1p0_r1p5_sc0p5,beta_G,2024-04-08,sure,FP_day,False,True,4.182057868963523,3.68627357302582,0.4957842959377028,,,09:30,15:15,6.0
R2_beta_loso_plus_alpha,G_b1p0_r1p5_sc0p5,beta_G,2024-04-10,sure,FP_day,False,True,4.140985709420099,3.68627357302582,0.4547121363942792,,,09:15,15:30,6.5
R2_beta_loso_plus_alpha,G_b1p0_r1p5_sc0p5,beta_G,2024-05-19,sure,FP_day,False,True,4.1413779046514945,3.68627357302582,0.45510433162567443,,,11:30,14:30,3.25
R2_beta_loso_plus_alpha,G_b1p0_r1p5_sc0p5,beta_G,2024-08-18,sure,FP_day,False,True,3.9906871760721505,3.68627357302582,0.30441360304633047,,,10:15,13:15,3.25
R2_beta_loso_plus_alpha,G_b1p0_r1p5_sc0p5,beta_G,2024-08-19,sure,FP_day,False,True,3.9412355153457823,3.68627357302582,0.2549619423199623,,,09:15,15:15,6.25
R2_beta_loso_plus_alpha,G_b1p0_r1p5_sc0p5,beta_G,2024-08-21,sure,FP_day,False,True,4.215958512785833,3.68627357302582,0.529684939760013,,,09:45,14:45,5.25
R2_beta_loso_plus_alpha,G_b1p0_r1p5_sc0p5,beta_G,2024-08-22,sure,FP_day,False,True,4.451127089124437,3.68627357302582,0.7648535160986172,,,11:00,15:15,4.5
R2_beta_loso_plus_alpha,G_b1p0_r1p5_sc0p5,beta_G,2024-08-23,sure,FP_day,False,True,4.241342297705076,3.68627357302582,0.555068724679256,,,09:30,15:30,6.25
R2_beta_loso_plus_alpha,G_b1p0_r1p5_sc0p5,beta_G,2024-08-24,sure,FP_day,False,True,4.704266697891578,3.68627357302582,1.0179931248657579,,,12:45,15:30,3.0
R2_beta_loso_plus_alpha,G_b1p0_r1p5_sc0p5,beta_G,2024-09-12,sure,FP_day,False,True,4.196901570155919,3.68627357302582,0.5106279971300993,,,10:00,13:45,4.0
R2_beta_loso_plus_alpha,G_b1p0_r1p5_sc0p5,beta_G,2024-09-13,sure,FP_day,False,True,3.741265246767917,3.68627357302582,0.054991673742097014,,,08:45,15:45,7.25
R2_beta_loso_plus_alpha,G_b1p0_r1p5_sc0p5,beta_H,2023-11-09,sure,FP_day,False,True,3.69829852830305,3.690327091222695,0.00797143708035497,,,11:45,13:45,2.25
R2_beta_loso_plus_alpha,G_b1p0_r1p5_sc0p5,beta_H,2024-09-22,sure,FP_day,False,True,3.7425381222232605,3.690327091222695,0.052211031000565455,,,09:45,14:00,4.5
