regime,variant,weight_F1_bridge_improvement,weight_F2_roughness_improvement,weight_F3_slope_continuity_improvement,weight_F4_duration_plausibility,weight_F5_n_height_ratio,weight_F6_solar_strength_ratio,weight_F7_solar_peak_alignment,weight_F8_site_centered_core_score,weight_F9_site_rank_core_score,beta_all_pooled_precision,beta_all_pooled_recall,beta_all_pooled_f1,beta_all_site_avg_precision,beta_all_site_avg_recall,beta_all_site_avg_f1,beta_all_positive_site_avg_precision,beta_all_positive_site_avg_recall,beta_all_positive_site_avg_f1,beta_sure_pooled_precision,beta_sure_pooled_recall,beta_sure_pooled_f1,beta_sure_site_avg_precision,beta_sure_site_avg_recall,beta_sure_site_avg_f1,beta_sure_positive_site_avg_precision,beta_sure_positive_site_avg_recall,beta_sure_positive_site_avg_f1
R2_beta_loso_plus_alpha,G_b1p0_r1p5_sc0p5,1.0,1.5,1.0,1.0,1.0,1.0,1.0,0.5,0.0,0.7714285714285715,0.8517350157728707,0.8095952023988007,0.6275214470944701,0.7174180438886322,0.6645230704021001,0.6275214470944701,0.7174180438886322,0.6645230704021001,0.873046875,0.9273858921161826,0.8993963782696177,0.6995565553165104,0.7901811094078925,0.739147720603603,0.7994932060760119,0.9030641250375916,0.8447402521184032
R2_beta_loso_plus_alpha,G_b1p0_r2p0_sc0p5,1.0,2.0,1.0,1.0,1.0,1.0,1.0,0.5,0.0,0.7816593886462883,0.8470031545741324,0.8130204390613172,0.6536195018827968,0.7071993410228705,0.6668998478411873,0.6536195018827968,0.7071993410228705,0.6668998478411873,0.8774703557312253,0.921161825726141,0.8987854251012145,0.7531350644147758,0.7564762692040945,0.7398784237124028,0.860725787902601,0.8645443076618224,0.8455753413856033
R1_beta_loso,G_b1p0_r2p0_sc0p0,1.0,2.0,1.0,1.0,1.0,1.0,1.0,0.0,0.0,0.7645390070921986,0.8501577287066246,0.8050784167289022,0.6473848600490718,0.6857318412465471,0.6401589530034033,0.6473848600490718,0.6857318412465471,0.6401589530034033,0.8679611650485437,0.9273858921161826,0.8966900702106319,0.6294435765651374,0.700173072728654,0.6614408217876707,0.7193640875030142,0.8001977974041761,0.7559323677573379
R2_beta_loso_plus_alpha,G_b1p0_r1p0_sc0p5,1.0,1.0,1.0,1.0,1.0,1.0,1.0,0.5,0.0,0.7841409691629956,0.8422712933753943,0.8121673003802281,0.6501343930276473,0.7127987186810716,0.6719763916745471,0.6501343930276473,0.7127987186810716,0.6719763916745471,0.8784860557768924,0.9149377593360996,0.8963414634146342,0.724909924359437,0.7847560062957817,0.7505296360133364,0.8284684849822136,0.8968640071951791,0.8577481554438131
R1_beta_loso,G_b1p0_r0p5_sc0p0,1.0,0.5,1.0,1.0,1.0,1.0,1.0,0.0,0.0,0.7660485021398002,0.8470031545741324,0.8044943820224719,0.6308452709737585,0.6816602559249618,0.6377839798091469,0.6308452709737585,0.6816602559249618,0.6377839798091469,0.869140625,0.9232365145228216,0.8953722334004024,0.6322376297516452,0.6924472323925195,0.659650248125957,0.7225572911447374,0.791368265591451,0.7538859978582365
R1_beta_loso,G_b2p0_r1p5_sc0p0,2.0,1.5,1.0,1.0,1.0,1.0,1.0,0.0,0.0,0.7917304747320061,0.8154574132492114,0.8034188034188033,0.6659372107549837,0.6610671202582967,0.6393410606215487,0.6659372107549837,0.6610671202582967,0.6393410606215487,0.8944099378881988,0.8962655601659751,0.8953367875647669,0.6455142731945389,0.6817020681851043,0.6606506010415394,0.7377305979366159,0.7790880779258335,0.7550292583331879
R1_beta_loso,G_b1p0_r1p0_sc0p5,1.0,1.0,1.0,1.0,1.0,1.0,1.0,0.5,0.0,0.7863501483679525,0.8359621451104101,0.8103975535168196,0.6580752142836861,0.6794653853477384,0.642678146060512,0.6580752142836861,0.6794653853477384,0.642678146060512,0.8812877263581489,0.9087136929460581,0.8947906026557712,0.6336400830895957,0.6910060062957817,0.6583797384198904,0.724160094959538,0.7897211500523219,0.752433986765589
R1_beta_loso,G_b1p0_r2p0_sc0p5,1.0,2.0,1.0,1.0,1.0,1.0,1.0,0.5,0.0,0.7919161676646707,0.8343848580441641,0.8125960061443932,0.6610428511645753,0.6780043088866619,0.6433342308631246,0.6610428511645753,0.6780043088866619,0.6433342308631246,0.8812877263581489,0.9087136929460581,0.8947906026557712,0.633027748409627,0.6902794656795351,0.6574157166782331,0.7234602838967167,0.7888908179194687,0.7513322476322664
R2_beta_loso_plus_alpha,G_b1p0_r0p5_sc0p0,1.0,0.5,1.0,1.0,1.0,1.0,1.0,0.0,0.0,0.7459239130434783,0.8659305993690851,0.8014598540145984,0.6116599190905034,0.7307687079745903,0.6629645271128551,0.6116599190905034,0.7307687079745903,0.6629645271128551,0.851782363977486,0.941908713692946,0.8945812807881774,0.6803298640316859,0.793864624152373,0.730082341206371,0.7775198446076411,0.9072738561741407,0.8343798185215668
R2_beta_loso_plus_alpha,G_b1p0_r1p0_sc0p0,1.0,1.0,1.0,1.0,1.0,1.0,1.0,0.0,0.0,0.7462482946793997,0.862776025236593,0.8002926115581566,0.6265098376858865,0.7233909141997377,0.6633757905634856,0.6265098376858865,0.7233909141997377,0.6633757905634856,0.8531073446327684,0.9398340248962656,0.8943731490621916,0.7096486644884672,0.797362164900956,0.7489451002502008,0.8110270451296768,0.9112710456010926,0.8559372574288009
R1_beta_loso,G_b1p0_r1p5_sc0p5,1.0,1.5,1.0,1.0,1.0,1.0,1.0,0.5,0.0,0.7960725075528701,0.831230283911672,0.8132716049382716,0.6645821267032491,0.676511639746934,0.6448454081015552,0.6645821267032491,0.676511639746934,0.6448454081015552,0.8843813387423936,0.9045643153526971,0.8943589743589745,0.6365527787887909,0.6885511660919836,0.6586744242485525,0.7274888900443325,0.7869156183908385,0.7527707705697742
R2_beta_loso_plus_alpha,G_b1p0_r1p5_sc0p0,1.0,1.5,1.0,1.0,1.0,1.0,1.0,0.0,0.0,0.7421981004070556,0.862776025236593,0.797957695113056,0.6201814301587492,0.7158745743304566,0.6549970290610616,0.6201814301587492,0.7158745743304566,0.6549970290610616,0.849906191369606,0.9398340248962656,0.8926108374384236,0.6972594195342872,0.76709641686946,0.7259981790737854,0.7968679080391853,0.8766816192793828,0.8297122046557547
R2_beta_loso_plus_alpha,G_b1p0_r2p0_sc0p0,1.0,2.0,1.0,1.0,1.0,1.0,1.0,0.0,0.0,0.7538247566063978,0.8548895899053628,0.8011825572801182,0.6348390217809459,0.7040218845365904,0.6527913538843689,0.6348390217809459,0.7040218845365904,0.6527913538843689,0.8582375478927203,0.9294605809128631,0.8924302788844622,0.7437671748569131,0.731423072728654,0.70511377120057,0.8500196284079007,0.8359120831184618,0.8058443099435085
R1_beta_loso,G_b2p0_r2p0_sc0p0,2.0,2.0,1.0,1.0,1.0,1.0,1.0,0.0,0.0,0.7824773413897281,0.8170347003154574,0.7993827160493828,0.6576800434812838,0.6621354963266728,0.6347758333111335,0.6576800434812838,0.6621354963266728,0.6347758333111335,0.885480572597137,0.8983402489626556,0.8918640576725027,0.6361855531635834,0.6831726564203984,0.6560484271563191,0.7270692036155237,0.780768750194741,0.7497696310357932
R1_beta_loso,G_b2p0_r0p5_sc0p0,2.0,0.5,1.0,1.0,1.0,1.0,1.0,0.0,0.0,0.8021978021978022,0.805993690851735,0.8040912667191188,0.6743424575387565,0.6532247958718547,0.6396533417720613,0.6743424575387565,0.6532247958718547,0.6396533417720613,0.8970588235294118,0.8858921161825726,0.8914405010438413,0.6470909862752947,0.6705371356766678,0.65592681913812,0.739532555743194,0.7663281550590489,0.7496306504435657
R1_beta_loso,G_b1p0_r1p5_sc0p0,1.0,1.5,1.0,1.0,1.0,1.0,1.0,0.0,0.0,0.7452054794520548,0.8580441640378549,0.7976539589442816,0.631719318234117,0.6908745743304566,0.6326932133866565,0.631719318234117,0.6908745743304566,0.6326932133866565,0.8509433962264151,0.9356846473029046,0.891304347826087,0.6139260862009539,0.70459641686946,0.6545696076452139,0.70162981280109,0.8052530478508114,0.7480795515945303
R2_beta_loso_plus_alpha,G_b1p0_r0p5_sc0p5,1.0,0.5,1.0,1.0,1.0,1.0,1.0,0.5,0.0,0.7747093023255814,0.8406940063091483,0.8063540090771558,0.631345092544292,0.712123043005396,0.6644461197777312,0.631345092544292,0.712123043005396,0.6644461197777312,0.8695652173913043,0.9128630705394191,0.8906882591093117,0.7019525072335827,0.784011958676734,0.7377620975545631,0.8022314368383802,0.8960136670591246,0.8431566829195007
R1_beta_loso,G_b1p0_r1p0_sc0p0,1.0,1.0,1.0,1.0,1.0,1.0,1.0,0.0,0.0,0.7541899441340782,0.8517350157728707,0.7999999999999999,0.6392711041883927,0.6855826848473907,0.6349115520692115,0.6392711041883927,0.6855826848473907,0.6349115520692115,0.8563218390804598,0.9273858921161826,0.8904382470119522,0.6180864249774919,0.6956912800115671,0.6529282572304734,0.7063844856885623,0.7950757485846482,0.7462037225491125
R1_beta_loso,G_b1p5_r0p5_sc0p5,1.5,0.5,1.0,1.0,1.0,1.0,1.0,0.5,0.0,0.7725947521865889,0.8359621451104101,0.8030303030303031,0.6418385375808275,0.6810966005818948,0.6323079625290968,0.6418385375808275,0.6810966005818948,0.6323079625290968,0.8664047151277013,0.9149377593360996,0.8900100908173562,0.609433602536235,0.6939646897691709,0.6440376965664398,0.696495545755697,0.7931025025933384,0.7360430817902169
R1_beta_loso,G_b2p0_r0p5_sc0p5,2.0,0.5,1.0,1.0,1.0,1.0,1.0,0.5,0.0,0.8381112984822934,0.7839116719242902,0.8101059494702526,0.7027651189045963,0.6414644300673713,0.6497772805180848,0.7027651189045963,0.6414644300673713,0.6497772805180848,0.9183222958057395,0.8630705394190872,0.8898395721925134,0.6707241274051619,0.66356863173966,0.664315636352938,0.7665418598916137,0.7583641505596114,0.7592178701176435
R1_beta_loso,G_b2p0_r1p0_sc0p0,2.0,1.0,1.0,1.0,1.0,1.0,1.0,0.0,0.0,0.796583850931677,0.8091482649842271,0.8028169014084507,0.6687418366222894,0.6571340810311399,0.638491735951874,0.6687418366222894,0.6571340810311399,0.638491735951874,0.8916666666666667,0.8879668049792531,0.8898128898128899,0.6412084818988144,0.6764895166290488,0.6552269578896814,0.732809693598645,0.7731308761474843,0.7488308090167788
R1_beta_loso,G_b1p0_r0p5_sc0p5,1.0,0.5,1.0,1.0,1.0,1.0,1.0,0.5,0.0,0.7930513595166163,0.8280757097791798,0.8101851851851851,0.6629600733803772,0.6706675214028155,0.6416755186820977,0.6629600733803772,0.6706675214028155,0.6416755186820977,0.8785425101214575,0.9004149377593361,0.889344262295082,0.633268685286722,0.6808253257558491,0.6537779118977074,0.7237356403276822,0.7780860865781134,0.7471747564545227
R1_beta_loso,G_b1p0_r0p5_sc1p0,1.0,0.5,1.0,1.0,1.0,1.0,1.0,1.0,0.0,0.8091482649842271,0.8091482649842271,0.8091482649842271,0.6839599864477987,0.685024995319113,0.6675677172436367,0.6839599864477987,0.685024995319113,0.6675677172436367,0.8930817610062893,0.8838174273858921,0.8884254431699686,0.7652637279199372,0.7363743288216423,0.7354670914029082,0.8745871176227854,0.8415706615104485,0.8405338187461808
R2_beta_loso_plus_alpha,G_b1p0_r0p5_sc1p0,1.0,0.5,1.0,1.0,1.0,1.0,1.0,1.0,0.0,0.8003095975232198,0.8154574132492114,0.8078124999999999,0.657315403716258,0.6968670748082513,0.667546355542439,0.657315403716258,0.6968670748082513,0.667546355542439,0.8863636363636364,0.8900414937759336,0.8881987577639752,0.7275050719601017,0.7711085807901463,0.744732946137166,0.831434367954402,0.8812669494744529,0.851123367013904
R1_beta_loso,G_b2p0_r2p0_sc0p5,2.0,2.0,1.0,1.0,1.0,1.0,1.0,0.5,0.0,0.805993690851735,0.805993690851735,0.805993690851735,0.6703684494962975,0.6573929625400214,0.6389184680594353,0.6703684494962975,0.6573929625400214,0.6389184680594353,0.8893528183716075,0.8838174273858921,0.8865764828303849,0.6340698709390298,0.6757279620072001,0.6500745505120853,0.7246512810731769,0.7722605280082285,0.7429423434423832
R1_beta_loso,G_b1p0_r1p0_sc1p0,1.0,1.0,1.0,1.0,1.0,1.0,1.0,1.0,0.0,0.796583850931677,0.8091482649842271,0.8028169014084507,0.6603731936026676,0.663533741474918,0.6353799649812203,0.6603731936026676,0.663533741474918,0.6353799649812203,0.8875,0.8838174273858921,0.8856548856548856,0.6337550719601017,0.6773585807901463,0.650982946137166,0.7242915108115449,0.7741240923315958,0.7439805098710469
R2_beta_loso_plus_alpha,G_b1p0_r1p0_sc1p0,1.0,1.0,1.0,1.0,1.0,1.0,1.0,1.0,0.0,0.7926267281105991,0.8138801261829653,0.8031128404669262,0.647885115643507,0.688533741474918,0.6571463579252476,0.647885115643507,0.688533741474918,0.6571463579252476,0.8824742268041237,0.8879668049792531,0.8852119958634952,0.7126629613096078,0.7398585807901463,0.719742350105168,0.814471955782409,0.8455526637601672,0.8225626858344776
R1_beta_loso,G_b1p5_r0p5_sc0p0,1.5,0.5,1.0,1.0,1.0,1.0,1.0,0.0,0.0,0.7507002801120448,0.8454258675078864,0.7952522255192878,0.6318221724585155,0.6876901395283748,0.629426210916781,0.6318221724585155,0.6876901395283748,0.629426210916781,0.8532818532818532,0.91701244813278,0.8839999999999999,0.605815208858663,0.6951950736550088,0.6435254712027336,0.692360238695615,0.7945086556057243,0.7354576813745527
R1_beta_loso,G_b1p0_r1p5_sc1p0,1.0,1.5,1.0,1.0,1.0,1.0,1.0,1.0,0.0,0.8028391167192429,0.8028391167192429,0.8028391167192429,0.6660686903611167,0.6599043201984379,0.636659060422145,0.6660686903611167,0.6599043201984379,0.636659060422145,0.890295358649789,0.8755186721991701,0.8828451882845189,0.6376836537452406,0.6726891047320065,0.65052208321309,0.7287813185659892,0.7687875482651503,0.7434538093863885
R1_beta_loso,G_b1p0_r2p0_sc1p0,1.0,2.0,1.0,1.0,1.0,1.0,1.0,1.0,0.0,0.8028391167192429,0.8028391167192429,0.8028391167192429,0.6654963926651942,0.6599043201984379,0.63595898010764,0.6654963926651942,0.6599043201984379,0.63595898010764,0.890295358649789,0.8755186721991701,0.8828451882845189,0.6361592839266411,0.6726891047320065,0.6493635861479687,0.727039181630447,0.7687875482651503,0.7421298127405356
R1_beta_loso,G_b1p5_r0p5_sc1p0,1.5,0.5,1.0,1.0,1.0,1.0,1.0,1.0,0.0,0.7863636363636364,0.8186119873817035,0.8021638330757341,0.6494933605814817,0.671789748627984,0.6312593148872812,0.6494933605814817,0.671789748627984,0.6312593148872812,0.8689516129032258,0.8941908713692946,0.8813905930470348,0.6109669636621505,0.6848309279967455,0.6397304321942474,0.6982479584710292,0.7826639177105663,0.7311204939362828
R1_beta_loso,G_b1p5_r1p0_sc1p0,1.5,1.0,1.0,1.0,1.0,1.0,1.0,1.0,0.0,0.7822822822822822,0.8217665615141956,0.8015384615384616,0.6465239360481503,0.6732824177677119,0.6302194549060747,0.6465239360481503,0.6732824177677119,0.6302194549060747,0.8642714570858283,0.8983402489626556,0.8809766022380469,0.6064449422643327,0.6865592275842971,0.6377673145062477,0.6930799340163801,0.7846391172391967,0.7288769308642831
R1_beta_loso,G_b2p0_r1p5_sc0p5,2.0,1.5,1.0,1.0,1.0,1.0,1.0,0.5,0.0,0.8057324840764332,0.7981072555205048,0.8019017432646592,0.670129798929141,0.6541640802670214,0.6364566139445478,0.670129798929141,0.6541640802670214,0.6364566139445478,0.8863157894736842,0.8734439834024896,0.8798328108672936,0.6312829996456414,0.6690448222158505,0.6443642021130507,0.7214662853093045,0.7646226539609718,0.7364162309863437
R1_beta_loso,G_b1p5_r1p0_sc0p5,1.5,1.0,1.0,1.0,1.0,1.0,1.0,0.5,0.0,0.7454289732770746,0.8359621451104101,0.788104089219331,0.6171898049984503,0.680845217977571,0.6127391356369825,0.6171898049984503,0.680845217977571,0.6127391356369825,0.833648393194707,0.9149377593360996,0.8724035608308605,0.5821156437901721,0.6934783535023807,0.6228834779979846,0.6652750214744823,0.7925466897170067,0.7118668319976967
R1_beta_loso,G_b1p5_r1p5_sc0p0,1.5,1.5,1.0,1.0,1.0,1.0,1.0,0.0,0.0,0.7514285714285714,0.8296529968454258,0.7886056971514243,0.6234223660779311,0.6766817785200139,0.6138916812392603,0.6234223660779311,0.6766817785200139,0.6138916812392603,0.833969465648855,0.9066390041493776,0.8687872763419483,0.5833376943165798,0.6885686730947846,0.6207451849191832,0.6666716506475198,0.7869356263940397,0.7094230684790663
R1_beta_loso,G_b1p5_r1p0_sc0p0,1.5,1.0,1.0,1.0,1.0,1.0,1.0,0.0,0.0,0.7422535211267606,0.831230283911672,0.7842261904761906,0.6170078355392108,0.6792528560910914,0.610873690444782,0.6170078355392108,0.6792528560910914,0.610873690444782,0.8323809523809523,0.9066390041493776,0.8679245283018868,0.5810097897665956,0.6885686730947846,0.6198509545779747,0.6640111883046806,0.7869356263940397,0.7084010909462567
R2_beta_loso_plus_alpha,G_b1p0_r1p5_sc1p0,1.0,1.5,1.0,1.0,1.0,1.0,1.0,1.0,0.0,0.7678571428571429,0.8138801261829653,0.7901990811638591,0.6324999160953217,0.6927228905170082,0.6393751360533049,0.6324999160953217,0.6927228905170082,0.6393751360533049,0.8502994011976048,0.8838174273858921,0.8667344862665309,0.7192111555479878,0.7381302812025947,0.7032922945475448,0.8219556063405574,0.8435774642315369,0.8037626223400512
R1_beta_loso,G_b1p5_r1p5_sc0p5,1.5,1.5,1.0,1.0,1.0,1.0,1.0,0.5,0.0,0.7450424929178471,0.8296529968454258,0.7850746268656718,0.617380237214199,0.6775772441213619,0.6105078814216015,0.617380237214199,0.6775772441213619,0.6105078814216015,0.8292220113851992,0.9066390041493776,0.8662041625371655,0.579217240483688,0.689541345628365,0.618704488283183,0.6619625605527862,0.788047252146703,0.7070908437522092
R2_beta_loso_plus_alpha,G_b1p5_r1p0_sc1p0,1.5,1.0,1.0,1.0,1.0,1.0,1.0,1.0,0.0,0.7011494252873564,0.8659305993690851,0.7748764996471419,0.5880292923775342,0.709301776213541,0.6085841586767811,0.5880292923775342,0.709301776213541,0.6085841586767811,0.803921568627451,0.9356846473029046,0.8648130393096836,0.6715849931637528,0.7350456300192868,0.6552451658120781,0.7675257064728603,0.8400521485934707,0.7488516180709465
R1_beta_loso,G_b2p0_r0p5_sc1p0,2.0,0.5,1.0,1.0,1.0,1.0,1.0,1.0,0.0,0.8197278911564626,0.7602523659305994,0.7888707037643208,0.6769086503091891,0.633708192531722,0.6236400600195825,0.6769086503091891,0.633708192531722,0.6236400600195825,0.893569844789357,0.8360995850622407,0.8638799571275455,0.637842775260761,0.649423290532311,0.6328571822727789,0.7289631717265842,0.742198046322641,0.7232653511688901
R2_beta_loso_plus_alpha,G_b1p5_r0p5_sc0p0,1.5,0.5,1.0,1.0,1.0,1.0,1.0,0.0,0.0,0.6876574307304786,0.861198738170347,0.7647058823529412,0.596734499537916,0.7082147129941248,0.6121104087126823,0.596734499537916,0.7082147129941248,0.6121104087126823,0.8046594982078853,0.9315352697095436,0.8634615384615385,0.687282822250092,0.7368978295605206,0.6673834969396932,0.7854660825715337,0.8421689480691664,0.7627239965025067
R1_beta_loso,G_b1p5_r2p0_sc0p0,1.5,2.0,1.0,1.0,1.0,1.0,1.0,0.0,0.0,0.726775956284153,0.8391167192429022,0.7789165446559297,0.607499483823349,0.6831652526505467,0.6065295728081873,0.607499483823349,0.6831652526505467,0.6065295728081873,0.8205607476635514,0.9107883817427386,0.8633235004916421,0.5723090066575798,0.6902969726823363,0.6155522786801704,0.6540674361800912,0.78891082592267,0.7034883184916232
R2_beta_loso_plus_alpha,G_b1p5_r0p5_sc0p5,1.5,0.5,1.0,1.0,1.0,1.0,1.0,0.5,0.0,0.7129506008010681,0.8422712933753943,0.7722342733188721,0.588079058128534,0.6943000637853579,0.6093179371936079,0.588079058128534,0.6943000637853579,0.6093179371936079,0.8139963167587477,0.91701244813278,0.8624390243902439,0.6865924252216162,0.7252146897691709,0.6606091341036939,0.7846770573961328,0.8288167883076241,0.7549818675470787
R2_beta_loso_plus_alpha,G_b1p5_r0p5_sc1p0,1.5,0.5,1.0,1.0,1.0,1.0,1.0,1.0,0.0,0.6979695431472082,0.8675078864353313,0.7735583684950774,0.5561675747561001,0.7326677892854363,0.6208568453414637,0.5561675747561001,0.7326677892854363,0.6208568453414637,0.800711743772242,0.9336099585062241,0.8620689655172413,0.6098403473887761,0.7643271260822788,0.6674953477377823,0.6969603970157442,0.8735167155226045,0.7628518259860367
R2_beta_loso_plus_alpha,G_b1p5_r1p0_sc0p5,1.5,1.0,1.0,1.0,1.0,1.0,1.0,0.5,0.0,0.6710526315789473,0.8848580441640379,0.763265306122449,0.5556923596938583,0.725934125934126,0.6014322695844976,0.5556923596938583,0.725934125934126,0.6014322695844976,0.7846153846153846,0.9522821576763485,0.8603561387066541,0.6607327153027267,0.7461972737476443,0.6537324636176968,0.7551231032031163,0.8527968842830221,0.7471228155630821
R2_beta_loso_plus_alpha,G_b1p5_r1p5_sc1p0,1.5,1.5,1.0,1.0,1.0,1.0,1.0,1.0,0.0,0.6904761904761905,0.8690851735015773,0.7695530726256983,0.5749055596151735,0.7074672545260781,0.5945123196196753,0.5749055596151735,0.7074672545260781,0.5945123196196753,0.7954144620811288,0.9356846473029046,0.8598665395614872,0.5392493286515709,0.7047798819877907,0.5999352853541127,0.6162849470303667,0.8054627222717609,0.685640326118986
R1_beta_loso,G_b2p0_r2p0_sc1p0,2.0,2.0,1.0,1.0,1.0,1.0,1.0,1.0,0.0,0.7777777777777778,0.7949526813880127,0.7862714508580343,0.6467127140303832,0.6605654679184091,0.6136404234716109,0.6467127140303832,0.6605654679184091,0.6136404234716109,0.8484848484848485,0.8713692946058091,0.8597748208802456,0.6031199617267293,0.6767984792342133,0.6215091177285911,0.6892799562591192,0.7734839762676724,0.710296134546961
R2_beta_loso_plus_alpha,G_b1p5_r2p0_sc1p0,1.5,2.0,1.0,1.0,1.0,1.0,1.0,1.0,0.0,0.6759036144578313,0.8848580441640379,0.7663934426229507,0.5725096569732198,0.728477415977416,0.6031493995183733,0.5725096569732198,0.728477415977416,0.6031493995183733,0.7842465753424658,0.950207468879668,0.8592870544090055,0.656801839834739,0.7468563151419798,0.648842366333807,0.7506306740968446,0.8535500744479769,0.7415341329529223
R1_beta_loso,G_b2p0_r1p0_sc0p5,2.0,1.0,1.0,1.0,1.0,1.0,1.0,0.5,0.0,0.7681818181818182,0.7996845425867508,0.7836166924265843,0.6446689087347044,0.6609822620852033,0.6116070398400908,0.6446689087347044,0.6609822620852033,0.6116070398400908,0.8409542743538767,0.8775933609958506,0.8588832487309644,0.6076602361510213,0.6783040814751097,0.6234110625372449,0.6944688413154528,0.7752046645429825,0.7124697857568513
R2_beta_loso_plus_alpha,G_b1p0_r2p0_sc1p0,1.0,2.0,1.0,1.0,1.0,1.0,1.0,1.0,0.0,0.7390070921985815,0.8217665615141956,0.7781926811053025,0.6091250026494511,0.7022196062637239,0.6287829087424913,0.6091250026494511,0.7022196062637239,0.6287829087424913,0.8275193798449613,0.8858921161825726,0.8557114228456912,0.6924368947533326,0.7409331523510541,0.6889457126764235,0.7913564511466659,0.8467807455440618,0.7873665287730554
R2_beta_loso_plus_alpha,G_b1p5_r1p5_sc0p5,1.5,1.5,1.0,1.0,1.0,1.0,1.0,0.5,0.0,0.6573099415204678,0.886435331230284,0.7548690396239087,0.545979643361143,0.727002502002502,0.594584679085505,0.545979643361143,0.727002502002502,0.594584679085505,0.7740303541315345,0.9522821576763485,0.853953488372093,0.6522076859078113,0.7461972737476443,0.6472269734674144,0.7453802124660701,0.8527968842830221,0.7396879696770451
R2_beta_loso_plus_alpha,G_b1p5_r1p5_sc0p0,1.5,1.5,1.0,1.0,1.0,1.0,1.0,0.0,0.0,0.6345514950166113,0.9037854889589906,0.745608327911516,0.5365074341998044,0.7380946910358674,0.5906565000699653,0.5365074341998044,0.7380946910358674,0.5906565000699653,0.7618270799347472,0.9688796680497925,0.8529680365296805,0.6450494309972439,0.7568685087770892,0.6466762999725562,0.7371993497111359,0.8649925814595305,0.7390586285400642
R1_beta_loso,G_b1p5_r2p0_sc0p5,1.5,2.0,1.0,1.0,1.0,1.0,1.0,0.5,0.0,0.696969696969697,0.8343848580441641,0.7595118449389806,0.5920688535883541,0.6852013943925709,0.592701580628364,0.5920688535883541,0.6852013943925709,0.592701580628364,0.8033088235294118,0.9066390041493776,0.8518518518518519,0.5546120289441838,0.6935963258881855,0.6035966032203794,0.6338423187933528,0.7926815153007835,0.6898246893947194
R2_beta_loso_plus_alpha,G_b1p5_r2p0_sc0p0,1.5,2.0,1.0,1.0,1.0,1.0,1.0,0.0,0.0,0.6307692307692307,0.9053627760252366,0.7435233160621761,0.5447101422052433,0.7320604100015864,0.5815346047232345,0.5447101422052433,0.7320604100015864,0.5815346047232345,0.7601957585644372,0.966804979253112,0.8511415525114155,0.520781036147788,0.7256185087770892,0.5973575942017204,0.5951783270260435,0.8292782957452448,0.6826943933733948
R2_beta_loso_plus_alpha,G_b1p5_r2p0_sc0p5,1.5,2.0,1.0,1.0,1.0,1.0,1.0,0.5,0.0,0.649365628604383,0.88801261829653,0.7501665556295802,0.5414791794341365,0.7286258786258786,0.5911167459619571,0.5414791794341365,0.7286258786258786,0.5911167459619571,0.7666666666666667,0.9543568464730291,0.8502772643253235,0.6464294503881061,0.7486972737476443,0.6435859207771749,0.7387765147292641,0.8556540271401649,0.7355267666024856
R1_beta_loso,G_b2p0_r1p0_sc1p0,2.0,1.0,1.0,1.0,1.0,1.0,1.0,1.0,0.0,0.780448717948718,0.7681388012618297,0.7742448330683626,0.65495083042528,0.6452988894165365,0.6083064639137521,0.65495083042528,0.6452988894165365,0.6083064639137521,0.8532494758909853,0.8443983402489627,0.8488008342022941,0.6163960026346758,0.6621668017600741,0.6191096093887637,0.7044525744396294,0.7567620591543703,0.7075538393014442
R1_beta_loso,G_b2p0_r1p5_sc1p0,2.0,1.5,1.0,1.0,1.0,1.0,1.0,1.0,0.0,0.7737909516380655,0.7823343848580442,0.7780392156862744,0.6464144162833265,0.6527306424365248,0.6074053499109866,0.6464144162833265,0.6527306424365248,0.6074053499109866,0.8425357873210634,0.8547717842323651,0.8486096807415037,0.6021790521225763,0.6663674485542248,0.6133978771715571,0.68820463099723,0.7615627983476855,0.7010261453389225
R2_beta_loso_plus_alpha,G_b2p0_r2p0_sc1p0,2.0,2.0,1.0,1.0,1.0,1.0,1.0,1.0,0.0,0.6369710467706013,0.9022082018927445,0.7467362924281985,0.5105720808790888,0.7523310199780788,0.5896694796645249,0.5105720808790888,0.7523310199780788,0.5896694796645249,0.7544715447154472,0.9626556016597511,0.845943482224248,0.5564635620341762,0.7614407849754075,0.626472896029324,0.635958356610487,0.8702180399718943,0.7159690240335131
R2_beta_loso_plus_alpha,G_b1p5_r1p0_sc0p0,1.5,1.0,1.0,1.0,1.0,1.0,1.0,0.0,0.0,0.6507009345794392,0.8785488958990536,0.7476510067114094,0.5497338128611887,0.7246403658168363,0.5939669778278761,0.5497338128611887,0.7246403658168363,0.5939669778278761,0.765993265993266,0.9439834024896265,0.845724907063197,0.6544349979982328,0.7455378938539545,0.6479679513369798,0.7479257119979802,0.8520433072616623,0.7405348015279769
R1_beta_loso,G_b1p5_r2p0_sc1p0,1.5,2.0,1.0,1.0,1.0,1.0,1.0,1.0,0.0,0.7002652519893899,0.832807570977918,0.7608069164265131,0.5851266899826115,0.692062007503184,0.59015374695219,0.5851266899826115,0.692062007503184,0.59015374695219,0.7941176470588235,0.8962655601659751,0.8421052631578948,0.5402626450407958,0.6884938126606723,0.5902570846753004,0.6174430229037666,0.786850071612197,0.6745795253432005
R1_beta_loso,G_b1p5_r1p5_sc1p0,1.5,1.5,1.0,1.0,1.0,1.0,1.0,1.0,0.0,0.7121418826739427,0.8233438485804416,0.7637161667885881,0.592678169044626,0.6831453081453082,0.5926990583342139,0.592678169044626,0.6831453081453082,0.5926990583342139,0.801125703564728,0.8858921161825726,0.8413793103448276,0.5471911429050135,0.6801673795064833,0.5922237544013645,0.6253613061771582,0.7773341480074095,0.6768271478872737
R2_beta_loso_plus_alpha,G_b2p0_r2p0_sc0p0,2.0,2.0,1.0,1.0,1.0,1.0,1.0,0.0,0.0,0.6045548654244306,0.9211356466876972,0.73,0.5295951439153874,0.7499826529238294,0.5706624452025184,0.5295951439153874,0.7499826529238294,0.5706624452025184,0.7363494539781591,0.979253112033195,0.8406055209260909,0.5034199530222547,0.7420924038906902,0.5865363544288674,0.5753370891682911,0.8481056044465031,0.67032726220442
R2_beta_loso_plus_alpha,G_b2p0_r1p5_sc1p0,2.0,1.5,1.0,1.0,1.0,1.0,1.0,1.0,0.0,0.6170212765957447,0.9148264984227129,0.7369758576874206,0.5677517730820676,0.7769045298457062,0.6058322156625604,0.5677517730820676,0.7769045298457062,0.6058322156625604,0.740506329113924,0.970954356846473,0.8402154398563734,0.5681677280772839,0.7976456251792056,0.6471685487910739,0.6493345463740388,0.9115950002048063,0.7396211986183703
R2_beta_loso_plus_alpha,G_b2p0_r1p0_sc1p0,2.0,1.0,1.0,1.0,1.0,1.0,1.0,1.0,0.0,0.6235167206040992,0.9116719242902208,0.7405509288917361,0.5701212529484806,0.774605477546654,0.6077903420272903,0.5701212529484806,0.774605477546654,0.6077903420272903,0.7412698412698413,0.9688796680497925,0.8399280575539567,0.5680647494682283,0.7951456251792055,0.6467630812421294,0.6492168565351181,0.9087378573476634,0.7391578071338623
R2_beta_loso_plus_alpha,G_b2p0_r1p0_sc0p5,2.0,1.0,1.0,1.0,1.0,1.0,1.0,0.5,0.0,0.6070320579110652,0.9258675078864353,0.7332916926920676,0.56551445195456,0.7914177193588958,0.6096816679019739,0.56551445195456,0.7914177193588958,0.6096816679019739,0.734789391575663,0.9771784232365145,0.8388245770258236,0.5639617279486682,0.8006043086525949,0.6454418274925584,0.6445276890841922,0.9149763527458228,0.7376478028486382
R2_beta_loso_plus_alpha,G_b2p0_r1p5_sc0p5,2.0,1.5,1.0,1.0,1.0,1.0,1.0,0.5,0.0,0.6135163674762407,0.916403785488959,0.7349778621125869,0.5327275134498245,0.7477933257345022,0.5721535951132813,0.5327275134498245,0.7477933257345022,0.5721535951132813,0.7346938775510204,0.970954356846473,0.8364611260053619,0.5000695224436553,0.7373602610335472,0.5818497240986602,0.5715080256498917,0.8426974411811968,0.6649711132556118
R2_beta_loso_plus_alpha,G_b2p0_r1p5_sc0p0,2.0,1.5,1.0,1.0,1.0,1.0,1.0,0.0,0.0,0.6051813471502591,0.9211356466876972,0.7304565353345841,0.5272519817070004,0.7498203527615293,0.569297056585589,0.5272519817070004,0.7498203527615293,0.569297056585589,0.7309486780715396,0.975103734439834,0.8355555555555555,0.4985929040974018,0.7388483562716426,0.5817515140908842,0.5698204618256021,0.8443981214533058,0.664858873246725
R2_beta_loso_plus_alpha,G_b2p0_r2p0_sc0p5,2.0,2.0,1.0,1.0,1.0,1.0,1.0,0.5,0.0,0.6081504702194357,0.917981072555205,0.7316153362664991,0.5276224806930195,0.7484690014101778,0.5681738229563695,0.5276224806930195,0.7484690014101778,0.5681738229563695,0.7305295950155763,0.9730290456431535,0.8345195729537367,0.49659428760519875,0.7381043086525949,0.5787478597839748,0.5675363286916557,0.8435477813172513,0.6614261254673998
R2_beta_loso_plus_alpha,G_b2p0_r0p5_sc1p0,2.0,0.5,1.0,1.0,1.0,1.0,1.0,1.0,0.0,0.6303370786516854,0.8848580441640379,0.736220472440945,0.5215571388081479,0.7590730899554429,0.5960115705986238,0.5215571388081479,0.7590730899554429,0.5960115705986238,0.7438423645320197,0.9398340248962656,0.8304307974335472,0.5721446796783378,0.7803934250865701,0.6409199896057787,0.6538796339181003,0.8918782000989373,0.7324799881208898
R2_beta_loso_plus_alpha,G_b2p0_r0p5_sc0p5,2.0,0.5,1.0,1.0,1.0,1.0,1.0,0.5,0.0,0.6123535676251332,0.9069400630914827,0.7310870947234583,0.5729417477168905,0.7813624151859446,0.6094231367055767,0.5729417477168905,0.7813624151859446,0.6094231367055767,0.7317460317460317,0.9564315352697096,0.829136690647482,0.5644703511810651,0.7902754527007654,0.640420439151592,0.6451089727783602,0.9031719459437318,0.7319090733161051
R2_beta_loso_plus_alpha,G_b2p0_r1p0_sc0p0,2.0,1.0,1.0,1.0,1.0,1.0,1.0,0.0,0.0,0.6263982102908278,0.8832807570977917,0.7329842931937173,0.5525559366007146,0.7293482969953557,0.5766941467271102,0.5525559366007146,0.7293482969953557,0.5766941467271102,0.739344262295082,0.9356846473029046,0.8260073260073261,0.5093385344655109,0.7191748963364873,0.5798936060567199,0.5821011822462981,0.8219141672416999,0.6627355497791086
R2_beta_loso_plus_alpha,G_b2p0_r0p5_sc0p0,2.0,0.5,1.0,1.0,1.0,1.0,1.0,0.0,0.0,0.6120042872454448,0.9006309148264984,0.7287811104020421,0.6304642864611893,0.7657840084310672,0.6109798001114153,0.6304642864611893,0.7657840084310672,0.6109798001114153,0.7296,0.946058091286307,0.8238482384823848,0.6268542399888768,0.7566101204261232,0.6258331951957083,0.7164048457015734,0.8646972804869979,0.715237937366524
R3_alpha_only_to_beta,G_b1p0_r0p5_sc0p5,1.0,0.5,1.0,1.0,1.0,1.0,1.0,0.5,0.0,0.5718363463368221,0.9479495268138801,0.7133531157270031,0.4854485778178358,0.8660568498803792,0.6093785835046307,0.4854485778178358,0.8660568498803792,0.6093785835046307,0.6867816091954023,0.991701244813278,0.8115449915110355,0.5061639650566111,0.8667559523809524,0.6091926366255487,0.5784731029218412,0.990578231292517,0.6962201561434843
R3_alpha_only_to_beta,G_b1p0_r1p0_sc1p0,1.0,1.0,1.0,1.0,1.0,1.0,1.0,1.0,0.0,0.5787937743190662,0.9384858044164038,0.7160048134777377,0.49617439058929647,0.8597146935382229,0.6142224888908315,0.49617439058929647,0.8597146935382229,0.6142224888908315,0.6874095513748191,0.9854771784232366,0.8098891730605285,0.5032023795535835,0.8627678571428572,0.6060093735990533,0.575088433775524,0.9860204081632652,0.6925821412560609
R3_alpha_only_to_beta,G_b1p0_r0p5_sc1p0,1.0,0.5,1.0,1.0,1.0,1.0,1.0,1.0,0.0,0.5796676441837733,0.9353312302839116,0.7157513578756791,0.4941842397874322,0.8583633421868715,0.6128989556437643,0.4941842397874322,0.8583633421868715,0.6128989556437643,0.6859623733719248,0.983402489626556,0.8081841432225064,0.503395608891641,0.8620238095238095,0.6053573568834429,0.5753092673047326,0.9851700680272109,0.6918369792953633
R3_alpha_only_to_beta,G_b1p0_r1p0_sc0p0,1.0,1.0,1.0,1.0,1.0,1.0,1.0,0.0,0.0,0.5626168224299065,0.9495268138801262,0.7065727699530516,0.4849936359654305,0.8617872632578515,0.608649168459121,0.4849936359654305,0.8617872632578515,0.608649168459121,0.6829268292682927,0.9875518672199171,0.8074639525021204,0.5024509419841914,0.8574966931216932,0.6064394328536163,0.574229647981933,0.9799962207105065,0.6930736375469903
R3_alpha_only_to_beta,G_b1p0_r0p5_sc0p0,1.0,0.5,1.0,1.0,1.0,1.0,1.0,0.0,0.0,0.5620915032679739,0.9495268138801262,0.7061583577712609,0.4775985401367836,0.8617872632578515,0.6037510633439767,0.4775985401367836,0.8617872632578515,0.6037510633439767,0.6809728183118741,0.9875518672199171,0.8060965283657918,0.501700003902047,0.8574966931216932,0.6050381661184622,0.5733714330309109,0.9799962207105065,0.6914721898496711
R3_alpha_only_to_beta,G_b1p0_r1p0_sc0p5,1.0,1.0,1.0,1.0,1.0,1.0,1.0,0.5,0.0,0.5559633027522936,0.9558359621451105,0.703016241299304,0.4693174572075818,0.8724196488902372,0.5962120202196765,0.4693174572075818,0.8724196488902372,0.5962120202196765,0.6671309192200557,0.9937759336099585,0.7983333333333332,0.49047472062923814,0.8692559523809524,0.5931557871545395,0.5605425378619865,0.9934353741496599,0.6778923281766166
R3_alpha_only_to_beta,G_b1p0_r1p5_sc1p0,1.0,1.5,1.0,1.0,1.0,1.0,1.0,1.0,0.0,0.5504087193460491,0.9558359621451105,0.6985590778097982,0.4694829556988241,0.8799359887595182,0.595107700120497,0.4694829556988241,0.8799359887595182,0.595107700120497,0.6625172890733056,0.9937759336099585,0.7950207468879668,0.4837419977258744,0.8692559523809524,0.5860989349129573,0.5528479974009992,0.9934353741496599,0.6698273541862371
R3_alpha_only_to_beta,G_b1p0_r2p0_sc1p0,1.0,2.0,1.0,1.0,1.0,1.0,1.0,1.0,0.0,0.5444743935309974,0.9558359621451105,0.6937607326846021,0.4651173407831183,0.8799359887595182,0.5912410807201558,0.4651173407831183,0.8799359887595182,0.5912410807201558,0.6561643835616439,0.9937759336099585,0.7904290429042905,0.4789128902645713,0.8692559523809524,0.5819331019715324,0.5473290174452244,0.9934353741496599,0.6650664022531798
R3_alpha_only_to_beta,G_b1p0_r1p5_sc0p5,1.0,1.5,1.0,1.0,1.0,1.0,1.0,0.5,0.0,0.5452914798206278,0.9589905362776026,0.6952544311034877,0.46667862829104917,0.8814286578992461,0.5940222102233101,0.46667862829104917,0.8814286578992461,0.5940222102233101,0.6534788540245566,0.9937759336099585,0.788477366255144,0.4776571641798151,0.8692559523809524,0.5817601821311744,0.5458939019197887,0.9934353741496599,0.664868779578485
R3_alpha_only_to_beta,G_b1p5_r2p0_sc1p0,1.5,2.0,1.0,1.0,1.0,1.0,1.0,1.0,0.0,0.5294117647058824,0.9652996845425867,0.6837988826815643,0.4677695769498621,0.880264506735095,0.591138593117349,0.4677695769498621,0.880264506735095,0.591138593117349,0.6447721179624665,0.9979253112033195,0.783387622149837,0.4721529662146619,0.8725,0.5806413049774335,0.5396033899596135,0.9971428571428572,0.6635900628313526
R3_alpha_only_to_beta,G_b2p0_r1p0_sc1p0,2.0,1.0,1.0,1.0,1.0,1.0,1.0,1.0,0.0,0.5249140893470791,0.9637223974763407,0.6796440489432702,0.47628289051557093,0.8714555052790347,0.5894220163472665,0.47628289051557093,0.8714555052790347,0.5894220163472665,0.6435246995994659,1.0,0.7831031681559707,0.47325256253519066,0.875,0.5832769399605606,0.5408600714687893,1.0,0.6666022170977836
R3_alpha_only_to_beta,G_b1p0_r1p5_sc0p0,1.0,1.5,1.0,1.0,1.0,1.0,1.0,0.0,0.0,0.5308964316797214,0.9621451104100947,0.6842400448681997,0.4509193660375823,0.8837277101982984,0.5832572029397385,0.4509193660375823,0.8837277101982984,0.5832572029397385,0.6417112299465241,0.995850622406639,0.7804878048780488,0.4744724587062027,0.87,0.5801856213546607,0.5422542385213744,0.9942857142857143,0.6630692815481837
R3_alpha_only_to_beta,G_b2p0_r1p0_sc0p0,2.0,1.0,1.0,1.0,1.0,1.0,1.0,0.0,0.0,0.5146935348446684,0.9668769716088328,0.6717808219178082,0.4648263411806993,0.8730894922071393,0.583768196263678,0.4648263411806993,0.8730894922071393,0.583768196263678,0.6358839050131926,1.0,0.7774193548387096,0.46841080720691497,0.875,0.5807606564810683,0.5353266368079028,1.0,0.6637264645497923
R3_alpha_only_to_beta,G_b1p0_r2p0_sc0p5,1.0,2.0,1.0,1.0,1.0,1.0,1.0,0.5,0.0,0.5254091300602929,0.9621451104100947,0.6796657381615601,0.44604810632107006,0.8837277101982984,0.5763292682154892,0.44604810632107006,0.8837277101982984,0.5763292682154892,0.6374501992031872,0.995850622406639,0.7773279352226721,0.4686065370621607,0.87,0.5728000480178349,0.5355503280710409,0.9942857142857143,0.6546286263060971
R3_alpha_only_to_beta,G_b1p5_r1p5_sc1p0,1.5,1.5,1.0,1.0,1.0,1.0,1.0,1.0,0.0,0.523524379811805,0.9652996845425867,0.6788685524126457,0.4532964814820153,0.880264506735095,0.5810736131181418,0.4532964814820153,0.880264506735095,0.5810736131181418,0.6362433862433863,0.9979253112033195,0.777059773828756,0.46631711503292766,0.8725,0.5739701800293113,0.5329338457519174,0.9971428571428572,0.6559659200334985
R3_alpha_only_to_beta,G_b2p0_r1p0_sc0p5,2.0,1.0,1.0,1.0,1.0,1.0,1.0,0.5,0.0,0.5177364864864865,0.9668769716088328,0.6743674367436743,0.46503278235431317,0.8730894922071393,0.5832346004213065,0.46503278235431317,0.8730894922071393,0.5832346004213065,0.6350461133069829,1.0,0.7767929089443997,0.4671266692941744,0.875,0.5779782475855437,0.5338590506219136,1.0,0.6605465686691927
R3_alpha_only_to_beta,G_b1p5_r1p0_sc1p0,1.5,1.0,1.0,1.0,1.0,1.0,1.0,1.0,0.0,0.5226302305721605,0.9652996845425867,0.6781163434903046,0.45083306672280615,0.880264506735095,0.5794471577478155,0.45083306672280615,0.880264506735095,0.5794471577478155,0.6345646437994723,0.9979253112033195,0.7758064516129032,0.46575621759703023,0.8725,0.5734569835483729,0.5322928201108917,0.9971428571428572,0.655379409769569
R3_alpha_only_to_beta,G_b2p0_r0p5_sc0p0,2.0,0.5,1.0,1.0,1.0,1.0,1.0,0.0,0.0,0.5125418060200669,0.9668769716088328,0.6699453551912568,0.4628144084443353,0.8730894922071393,0.5822656350909486,0.4628144084443353,0.8730894922071393,0.5822656350909486,0.633377135348226,1.0,0.7755430410297667,0.4666220866681944,0.875,0.5794252982908715,0.5332823847636508,1.0,0.6622003409038532
R3_alpha_only_to_beta,G_b2p0_r1p5_sc0p5,2.0,1.5,1.0,1.0,1.0,1.0,1.0,0.5,0.0,0.5172995780590718,0.9668769716088328,0.673996701484332,0.4696506957198697,0.8730894922071393,0.5840481248767659,0.4696506957198697,0.8730894922071393,0.5840481248767659,0.633377135348226,1.0,0.7755430410297667,0.465558253574023,0.875,0.575854325804394,0.532066575513169,1.0,0.658119229490736
R3_alpha_only_to_beta,G_b1p5_r1p5_sc0p5,1.5,1.5,1.0,1.0,1.0,1.0,1.0,0.5,0.0,0.5212224108658744,0.9684542586750788,0.6777041942604858,0.45291222005175,0.8827048768225239,0.581628104224581,0.45291222005175,0.8827048768225239,0.581628104224581,0.633377135348226,1.0,0.7755430410297667,0.4650729964752417,0.875,0.5741696477944326,0.5315119959717047,1.0,0.6561938831936373
R3_alpha_only_to_beta,G_b2p0_r2p0_sc0p5,2.0,2.0,1.0,1.0,1.0,1.0,1.0,0.5,0.0,0.515993265993266,0.9668769716088328,0.672886937431394,0.46916645445533783,0.8730894922071393,0.5833994901559484,0.46916645445533783,0.8730894922071393,0.5833994901559484,0.6325459317585301,1.0,0.7749196141479099,0.4651881877845493,0.875,0.5754045057324227,0.531643643182342,1.0,0.6576051494084831
R3_alpha_only_to_beta,G_b1p5_r1p0_sc0p5,1.5,1.0,1.0,1.0,1.0,1.0,1.0,0.5,0.0,0.5172704296545914,0.9684542586750788,0.6743547501372872,0.4480638293318157,0.8827048768225239,0.5774418753663535,0.4480638293318157,0.8827048768225239,0.5774418753663535,0.6300653594771242,1.0,0.7730553327987169,0.46318418463860606,0.875,0.5718160482406095,0.5293533538726927,1.0,0.6535040551321252
R3_alpha_only_to_beta,G_b1p5_r0p5_sc1p0,1.5,0.5,1.0,1.0,1.0,1.0,1.0,1.0,0.0,0.5203735144312394,0.9668769716088328,0.6766004415011038,0.45039895201153207,0.8898798913504796,0.5811224952982776,0.45039895201153207,0.8898798913504796,0.5811224952982776,0.6295811518324608,0.9979253112033195,0.7720706260032102,0.46261152964587887,0.8725,0.5688123791976556,0.5286988910238615,0.9971428571428572,0.6500712905116064
R3_alpha_only_to_beta,G_b2p0_r1p5_sc0p0,2.0,1.5,1.0,1.0,1.0,1.0,1.0,0.0,0.0,0.5087136929460581,0.9668769716088328,0.6666666666666666,0.4591805831096257,0.8730894922071393,0.577908390210876,0.4591805831096257,0.8730894922071393,0.577908390210876,0.6276041666666666,1.0,0.7712,0.4616016214644538,0.875,0.5729998618561998,0.5275447102450901,1.0,0.6548569849785141
R3_alpha_only_to_beta,G_b2p0_r2p0_sc0p0,2.0,2.0,1.0,1.0,1.0,1.0,1.0,0.0,0.0,0.5082918739635157,0.9668769716088328,0.6663043478260868,0.4588945419196943,0.8730894922071393,0.5775491948085771,0.4588945419196943,0.8730894922071393,0.5775491948085771,0.6267880364109233,1.0,0.7705835331734613,0.46123155567498014,0.875,0.5725500417842285,0.527121777914263,1.0,0.6543429048962613
R3_alpha_only_to_beta,G_b1p5_r0p5_sc0p5,1.5,0.5,1.0,1.0,1.0,1.0,1.0,0.5,0.0,0.5159663865546219,0.9684542586750788,0.6732456140350878,0.4484327941876226,0.8906968848145319,0.580170117880675,0.4484327941876226,0.8906968848145319,0.580170117880675,0.6263020833333334,0.9979253112033195,0.7696000000000001,0.46048984081698574,0.8725,0.5680693249138711,0.5262741037908408,0.9971428571428572,0.6492220856158527
R3_alpha_only_to_beta,G_b2p0_r0p5_sc1p0,2.0,0.5,1.0,1.0,1.0,1.0,1.0,1.0,0.0,0.5112219451371571,0.9700315457413249,0.6695699510070768,0.4552530542318161,0.8923202614379085,0.5844609173119315,0.4552530542318161,0.8923202614379085,0.5844609173119315,0.6243523316062176,1.0,0.7687400318979266,0.46014498975487816,0.875,0.5694658328480077,0.5258799882912892,1.0,0.6508180946834374
R3_alpha_only_to_beta,G_b1p5_r2p0_sc0p5,1.5,2.0,1.0,1.0,1.0,1.0,1.0,0.5,0.0,0.511240632805995,0.9684542586750788,0.6692098092643052,0.4466324696061042,0.8827048768225239,0.5751656315100164,0.4466324696061042,0.8827048768225239,0.5751656315100164,0.6243523316062176,1.0,0.7687400318979266,0.45899150260394617,0.875,0.5675681351693818,0.5245617172616527,1.0,0.6486492973364363
R3_alpha_only_to_beta,G_b1p0_r2p0_sc0p0,1.0,2.0,1.0,1.0,1.0,1.0,1.0,0.0,0.0,0.5146689019279128,0.9684542586750788,0.6721401204159824,0.4420849554610116,0.9041167982344454,0.5783491862479981,0.4420849554610116,0.9041167982344454,0.5783491862479981,0.622568093385214,0.995850622406639,0.7661612130885874,0.45960547968729404,0.87,0.5664409450463637,0.5252634053569074,0.9942857142857143,0.6473610800529871
R3_alpha_only_to_beta,G_b2p0_r0p5_sc0p5,2.0,0.5,1.0,1.0,1.0,1.0,1.0,0.5,0.0,0.5028618152085037,0.9700315457413249,0.6623586429725363,0.44443205362739757,0.8923202614379085,0.5765916948868584,0.44443205362739757,0.8923202614379085,0.5765916948868584,0.617948717948718,1.0,0.7638668779714739,0.4565904098563234,0.875,0.5671097818597819,0.5218176112643695,1.0,0.6481254649826079
R3_alpha_only_to_beta,G_b1p5_r0p5_sc0p0,1.5,0.5,1.0,1.0,1.0,1.0,1.0,0.0,0.0,0.502442996742671,0.973186119873817,0.6627282491944145,0.4389483805642673,0.9014705882352941,0.5748998837985242,0.4389483805642673,0.9014705882352941,0.5748998837985242,0.6147959183673469,1.0,0.7614533965244865,0.45320507043209673,0.875,0.5628583960136837,0.5179486519223964,1.0,0.6432667383013527
R3_alpha_only_to_beta,G_b1p5_r1p0_sc0p0,1.5,1.0,1.0,1.0,1.0,1.0,1.0,0.0,0.0,0.5020341741253052,0.973186119873817,0.6623725174449812,0.44077033138062605,0.9014705882352941,0.5758968129434459,0.44077033138062605,0.9014705882352941,0.5758968129434459,0.6140127388535032,1.0,0.760852407261247,0.45263717721013164,0.875,0.562387099847087,0.5172996310972933,1.0,0.6427281141109565
R3_alpha_only_to_beta,G_b1p5_r1p5_sc0p0,1.5,1.5,1.0,1.0,1.0,1.0,1.0,0.0,0.0,0.4987873888439774,0.973186119873817,0.6595403527525387,0.43997472541145555,0.9014705882352941,0.5745126840849141,0.43997472541145555,0.9014705882352941,0.5745126840849141,0.610126582278481,1.0,0.7578616352201257,0.44934724888932254,0.875,0.5589064530502553,0.5135397130163687,1.0,0.6387502320574346
R3_alpha_only_to_beta,G_b1p5_r2p0_sc0p0,1.5,2.0,1.0,1.0,1.0,1.0,1.0,0.0,0.0,0.4979822437449556,0.973186119873817,0.6588360918312868,0.43967009758434383,0.9014705882352941,0.5739703820877966,0.43967009758434383,0.9014705882352941,0.5739703820877966,0.610126582278481,1.0,0.7578616352201257,0.449531087802174,0.875,0.5588820413703405,0.513749814631056,1.0,0.6387223329946748
R3_alpha_only_to_beta,G_b2p0_r1p5_sc1p0,2.0,1.5,1.0,1.0,1.0,1.0,1.0,1.0,0.0,0.4967793880837359,0.973186119873817,0.6577825159914712,0.4359260350171975,0.9017219708396179,0.5698593519001468,0.4359260350171975,0.9017219708396179,0.5698593519001468,0.6085858585858586,1.0,0.7566718995290423,0.4503823946762826,0.875,0.5581205852860359,0.5147227367728944,1.0,0.6378520974697554
R3_alpha_only_to_beta,G_b2p0_r2p0_sc1p0,2.0,2.0,1.0,1.0,1.0,1.0,1.0,1.0,0.0,0.4805900621118012,0.9763406940063092,0.644120707596254,0.41730104348907493,0.9121543489190548,0.5555605068195096,0.41730104348907493,0.9121543489190548,0.5555605068195096,0.5878048780487805,1.0,0.7403993855606759,0.4367385851700155,0.875,0.5442349434686935,0.4991298116228749,1.0,0.6219827925356497
