model_family,model_variant,regime,dataset,subset,summary_scope,substation_id,prediction_source,notes,day_support,day_positive_support,day_tp,day_fp,day_fn,day_tn,day_precision,day_recall,day_f1,interval_support,interval_positive_support,interval_tp,interval_fp,interval_fn,interval_tn,interval_precision,interval_recall,interval_f1,manual_correction_MWh,predicted_correction_MWh,overlap_correction_MWh,union_correction_MWh,energy_precision,energy_recall,energy_f1,energy_iou,weight_F1_bridge_improvement,weight_F2_roughness_improvement,weight_F3_slope_continuity_improvement,weight_F4_duration_plausibility,weight_F5_n_height_ratio,weight_F6_solar_strength_ratio,weight_F7_solar_peak_alignment,weight_F8_site_centered_core_score,weight_F9_site_rank_core_score
small_grid_physical_score,G_b1p0_r1p0_sc0p5,R2_beta_loso_plus_alpha,beta,beta_all,macro_site_average,,C14_small_weight_grid,Unweighted average of per-site metrics.,2928,634,534,147,100,2147,0.6501343930276473,0.7127987186810716,0.6719763916745471,280800,12213,10107,2771,2106,265816,0.6306816844632868,0.6981166684632363,0.6552138215358565,1435.2532221875003,1434.8459855,1281.534895875,1588.5643118125,0.7363782216657191,0.7465093544443463,0.7396998645208457,0.6556674538965388,1.0,1.0,1.0,1.0,1.0,1.0,1.0,0.5,0.0
small_grid_physical_score,G_b1p0_r2p0_sc0p5,R2_beta_loso_plus_alpha,beta,beta_all,macro_site_average,,C14_small_weight_grid,Unweighted average of per-site metrics.,2928,634,537,150,97,2144,0.6536195018827968,0.7071993410228705,0.6668998478411873,280800,12213,10121,2782,2092,265805,0.6364365605933268,0.6898491637020947,0.6510810316530471,1435.2532221875003,1437.3188745,1283.0499963124998,1589.522100375,0.744993546496201,0.7378826374292082,0.7365289525621113,0.6526502338572491,1.0,2.0,1.0,1.0,1.0,1.0,1.0,0.5,0.0
small_grid_physical_score,G_b1p0_r1p5_sc0p5,R2_beta_loso_plus_alpha,beta,beta_all,macro_site_average,,C14_small_weight_grid,Unweighted average of per-site metrics.,2928,634,540,160,94,2134,0.6275214470944701,0.7174180438886322,0.6645230704021001,280800,12213,10187,2899,2026,265688,0.6193025746050048,0.7010478729241205,0.6511411887606723,1435.2532221875003,1449.3816169375,1290.529204375,1594.1056347499998,0.7272838111542542,0.7487164443454122,0.7367345662330798,0.6528822171285975,1.0,1.5,1.0,1.0,1.0,1.0,1.0,0.5,0.0
small_grid_physical_score,G_b1p0_r1p0_sc0p0,R2_beta_loso_plus_alpha,beta,beta_all,macro_site_average,,C14_small_weight_grid,Unweighted average of per-site metrics.,2928,634,547,186,87,2108,0.6265098376858865,0.7233909141997377,0.6633757905634856,280800,12213,10276,3317,1937,265270,0.6152060301347037,0.7057510414573849,0.6476861063224202,1435.2532221875003,1484.8218344999998,1300.060997,1620.0140596875,0.7236269605466658,0.7505538602268931,0.7351470398480844,0.6486340196886022,1.0,1.0,1.0,1.0,1.0,1.0,1.0,0.0,0.0
small_grid_physical_score,G_b1p0_r0p5_sc0p0,R2_beta_loso_plus_alpha,beta,beta_all,macro_site_average,,C14_small_weight_grid,Unweighted average of per-site metrics.,2928,634,549,187,85,2107,0.6116599190905034,0.7307687079745903,0.6629645271128551,280800,12213,10306,3330,1907,265257,0.6051420799456175,0.7113572051505841,0.6474362465545078,1435.2532221875003,1498.0606264375,1303.4369702499998,1629.876878375,0.7095935632064174,0.7525459733249378,0.7301438626839728,0.643245947503963,1.0,0.5,1.0,1.0,1.0,1.0,1.0,0.0,0.0
small_grid_physical_score,G_b1p0_r2p0_sc0p5,R1_beta_loso,beta,beta_all,macro_site_average,,C14_small_weight_grid,Unweighted average of per-site metrics.,2928,634,529,139,105,2155,0.6610428511645753,0.6780043088866619,0.6433342308631246,280800,12213,10021,2643,2192,265944,0.6379939204085179,0.6616500317190079,0.6277149541644946,1435.2532221875003,1423.8328662499998,1274.4745728750001,1584.6115155625,0.7406004946586267,0.7113011458843833,0.7128252540266498,0.6331172466573809,1.0,2.0,1.0,1.0,1.0,1.0,1.0,0.5,0.0
small_grid_physical_score,G_b1p0_r1p0_sc0p5,R1_beta_loso,beta,beta_all,macro_site_average,,C14_small_weight_grid,Unweighted average of per-site metrics.,2928,634,530,144,104,2150,0.6580752142836861,0.6794653853477384,0.642678146060512,280800,12213,10049,2735,2164,265852,0.6347227051391914,0.6630925138738644,0.6260601234156846,1435.2532221875003,1429.3637361874999,1278.224881125,1586.3920772499998,0.7393951472457992,0.712853304070513,0.7128766582755206,0.6332117843001124,1.0,1.0,1.0,1.0,1.0,1.0,1.0,0.5,0.0
small_grid_physical_score,G_b1p0_r2p0_sc0p0,R1_beta_loso,beta,beta_all,macro_site_average,,C14_small_weight_grid,Unweighted average of per-site metrics.,2928,634,539,166,95,2128,0.6473848600490718,0.6857318412465471,0.6401589530034033,280800,12213,10148,3023,2065,265564,0.6289605399424006,0.6678515368448289,0.6240328628465716,1435.2532221875003,1451.0629182500002,1286.95247175,1599.3636686874997,0.7360947975013183,0.7146262630636315,0.7123777552395119,0.6322250568195065,1.0,2.0,1.0,1.0,1.0,1.0,1.0,0.0,0.0
small_grid_physical_score,G_b2p0_r1p5_sc0p0,R1_beta_loso,beta,beta_all,macro_site_average,,C14_small_weight_grid,Unweighted average of per-site metrics.,2928,634,517,136,117,2158,0.6659372107549837,0.6610671202582967,0.6393410606215487,280800,12213,9810,2508,2403,266079,0.6473342097637939,0.6489279218484745,0.6260155470892409,1435.2532221875003,1368.3120984375,1248.44929275,1555.1160278749999,0.7488823173469947,0.7008350974986974,0.7118736661095505,0.6316498012493342,2.0,1.5,1.0,1.0,1.0,1.0,1.0,0.0,0.0
small_grid_physical_score,G_b1p0_r0p5_sc0p0,R1_beta_loso,beta,beta_all,macro_site_average,,C14_small_weight_grid,Unweighted average of per-site metrics.,2928,634,537,164,97,2130,0.6308452709737585,0.6816602559249618,0.6377839798091469,280800,12213,10147,3051,2066,265536,0.6091443119488829,0.6647973799736789,0.6193441546833822,1435.2532221875003,1459.5506028125,1290.4123499999998,1604.391475,0.7139391852405739,0.7126729134089607,0.7068842664204076,0.626756360626289,1.0,0.5,1.0,1.0,1.0,1.0,1.0,0.0,0.0
small_grid_physical_score,G_b1p0_r2p0_sc0p5,R2_beta_loso_plus_alpha,beta,beta_all,pooled,,C14_small_weight_grid,Top-10 day-F1 grid candidate expanded to selected v0.3 candidate window.,2928,634,537,150,97,2144,0.7816593886462883,0.8470031545741324,0.8130204390613172,280800,12213,10121,2782,2092,265805,0.7843912268464698,0.8287071153688692,0.8059404363752188,11482.0257775,11498.550996000002,10264.399970499999,12716.176803,0.8926689957778744,0.8939537473094651,0.8933109096144504,0.8071922976156184,1.0,2.0,1.0,1.0,1.0,1.0,1.0,0.5,0.0
small_grid_physical_score,G_b1p0_r2p0_sc0p5,R1_beta_loso,beta,beta_all,pooled,,C14_small_weight_grid,Top-10 day-F1 grid candidate expanded to selected v0.3 candidate window.,2928,634,529,139,105,2155,0.7919161676646707,0.8343848580441641,0.8125960061443932,280800,12213,10021,2643,2192,265944,0.7912981680353759,0.8205191189715877,0.8056437673352898,11482.0257775,11390.662929999999,10195.796583,12676.892124500002,0.8951012461396749,0.8879788968057819,0.8915258466886562,0.8042820340243401,1.0,2.0,1.0,1.0,1.0,1.0,1.0,0.5,0.0
small_grid_physical_score,G_b1p0_r1p0_sc0p5,R2_beta_loso_plus_alpha,beta,beta_all,pooled,,C14_small_weight_grid,Top-10 day-F1 grid candidate expanded to selected v0.3 candidate window.,2928,634,534,147,100,2147,0.7841409691629956,0.8422712933753943,0.8121673003802281,280800,12213,10107,2771,2106,265816,0.7848268364652896,0.8275607958732498,0.8056275158423339,11482.0257775,11478.767884,10252.279167,12708.5144945,0.893151536001562,0.8928981144677631,0.8930248072557464,0.8067252212236914,1.0,1.0,1.0,1.0,1.0,1.0,1.0,0.5,0.0
small_grid_physical_score,G_b1p0_r1p0_sc0p5,R1_beta_loso,beta,beta_all,pooled,,C14_small_weight_grid,Top-10 day-F1 grid candidate expanded to selected v0.3 candidate window.,2928,634,530,144,104,2150,0.7863501483679525,0.8359621451104101,0.8103975535168196,280800,12213,10049,2735,2164,265852,0.7860607008760951,0.8228117579628265,0.8040164819778373,11482.0257775,11434.909889499999,10225.799048999997,12691.136618,0.8942614456795802,0.8905918909395166,0.8924228961138968,0.8057433590697162,1.0,1.0,1.0,1.0,1.0,1.0,1.0,0.5,0.0
small_grid_physical_score,G_b1p0_r1p5_sc0p5,R2_beta_loso_plus_alpha,beta,beta_all,pooled,,C14_small_weight_grid,Top-10 day-F1 grid candidate expanded to selected v0.3 candidate window.,2928,634,540,160,94,2134,0.7714285714285715,0.8517350157728707,0.8095952023988007,280800,12213,10187,2899,2026,265688,0.7784655356869937,0.8341111929910751,0.805328273844816,11482.0257775,11595.0529355,10324.233635,12752.845078,0.8903998707406333,0.8991648194372817,0.8947608805601599,0.8095631658546837,1.0,1.5,1.0,1.0,1.0,1.0,1.0,0.5,0.0
small_grid_physical_score,G_b1p0_r2p0_sc0p0,R1_beta_loso,beta,beta_all,pooled,,C14_small_weight_grid,Top-10 day-F1 grid candidate expanded to selected v0.3 candidate window.,2928,634,539,166,95,2128,0.7645390070921986,0.8501577287066246,0.8050784167289022,280800,12213,10148,3023,2065,265564,0.7704806013210842,0.8309178743961353,0.7995587771824771,11482.0257775,11608.503346,10295.619774,12794.9093495,0.8869032869381577,0.8966727625864713,0.8917612687811305,0.8046653159291304,1.0,2.0,1.0,1.0,1.0,1.0,1.0,0.0,0.0
small_grid_physical_score,G_b1p0_r0p5_sc0p0,R1_beta_loso,beta,beta_all,pooled,,C14_small_weight_grid,Top-10 day-F1 grid candidate expanded to selected v0.3 candidate window.,2928,634,537,164,97,2130,0.7660485021398002,0.8470031545741324,0.8044943820224719,280800,12213,10147,3051,2066,265536,0.7688286103955144,0.8308359944321625,0.7986305143441815,11482.0257775,11676.4048225,10323.298799999999,12835.1318,0.8841162118760548,0.8990834021840794,0.8915369938755694,0.8043001786705454,1.0,0.5,1.0,1.0,1.0,1.0,1.0,0.0,0.0
small_grid_physical_score,G_b2p0_r1p5_sc0p0,R1_beta_loso,beta,beta_all,pooled,,C14_small_weight_grid,Top-10 day-F1 grid candidate expanded to selected v0.3 candidate window.,2928,634,517,136,117,2158,0.7917304747320061,0.8154574132492114,0.8034188034188033,280800,12213,9810,2508,2403,266079,0.7963955187530444,0.8032424465733236,0.799804329216094,11482.0257775,10946.4967875,9987.594341999999,12440.928222999999,0.912400975022896,0.8698460128500612,0.8906154485258667,0.8028013796860887,2.0,1.5,1.0,1.0,1.0,1.0,1.0,0.0,0.0
small_grid_physical_score,G_b1p0_r0p5_sc0p0,R2_beta_loso_plus_alpha,beta,beta_all,pooled,,C14_small_weight_grid,Top-10 day-F1 grid candidate expanded to selected v0.3 candidate window.,2928,634,549,187,85,2107,0.7459239130434783,0.8659305993690851,0.8014598540145984,280800,12213,10306,3330,1907,265257,0.755793487826342,0.8438549087038402,0.7974002862779992,11482.0257775,11984.4850115,10427.495761999999,13039.015027000001,0.870082924046719,0.9081581912517178,0.8887129284587053,0.7997149892386575,1.0,0.5,1.0,1.0,1.0,1.0,1.0,0.0,0.0
small_grid_physical_score,G_b1p0_r1p0_sc0p0,R2_beta_loso_plus_alpha,beta,beta_all,pooled,,C14_small_weight_grid,Top-10 day-F1 grid candidate expanded to selected v0.3 candidate window.,2928,634,547,186,87,2108,0.7462482946793997,0.862776025236593,0.8002926115581566,280800,12213,10276,3317,1937,265270,0.7559773412785993,0.8413985097846557,0.7964039370688987,11482.0257775,11878.574676,10400.487975999999,12960.1124775,0.87556699854012,0.9058060117214364,0.8904298497551459,0.8024998235205323,1.0,1.0,1.0,1.0,1.0,1.0,1.0,0.0,0.0
small_grid_physical_score,G_b1p0_r1p0_sc0p5,R2_beta_loso_plus_alpha,beta,beta_sure_only,macro_site_average,,C14_small_weight_grid,Unweighted average of per-site metrics.,2330,482,441,61,41,1787,0.724909924359437,0.7847560062957817,0.7505296360133364,223487,9958,8878,1395,1080,212134,0.6912441080363887,0.766606091175412,0.7228869097585022,1242.168622875,1235.4690990625,1166.7813761875,1310.85634575,0.7723971100847791,0.8020209628838257,0.7862666145011064,0.8282894331052619,1.0,1.0,1.0,1.0,1.0,1.0,1.0,0.5,0.0
small_grid_physical_score,G_b1p0_r1p0_sc0p0,R2_beta_loso_plus_alpha,beta,beta_sure_only,macro_site_average,,C14_small_weight_grid,Unweighted average of per-site metrics.,2330,482,453,78,29,1770,0.7096486644884672,0.797362164900956,0.7489451002502008,223487,9958,9046,1675,912,211854,0.6788990246918462,0.7758622094263499,0.7187948761974187,1242.168622875,1271.19031625,1185.2971735,1328.0617656250001,0.7644601767678385,0.8068854965225976,0.7845933045070024,0.8254384308352479,1.0,1.0,1.0,1.0,1.0,1.0,1.0,0.0,0.0
small_grid_physical_score,G_b1p0_r2p0_sc0p5,R2_beta_loso_plus_alpha,beta,beta_sure_only,macro_site_average,,C14_small_weight_grid,Unweighted average of per-site metrics.,2330,482,444,62,38,1786,0.7531350644147758,0.7564762692040945,0.7398784237124028,223487,9958,8892,1402,1066,212127,0.7159025180501049,0.7375876059693269,0.7138811056055205,1242.168622875,1237.8957060625,1168.2964766250002,1311.7678523125,0.8051354047320882,0.77260076527554,0.7800977199353849,0.8202836022731984,1.0,2.0,1.0,1.0,1.0,1.0,1.0,0.5,0.0
small_grid_physical_score,G_b1p0_r1p5_sc0p5,R2_beta_loso_plus_alpha,beta,beta_sure_only,macro_site_average,,C14_small_weight_grid,Unweighted average of per-site metrics.,2330,482,447,65,35,1783,0.6995565553165104,0.7901811094078925,0.739147720603603,223487,9958,8958,1460,1000,212069,0.6759059116558092,0.7699756078790752,0.7155577305134669,1242.168622875,1247.2843768124999,1175.7756846875002,1313.6773150000001,0.7592618461173999,0.8044409938371717,0.7797580289973822,0.8200922476341,1.0,1.5,1.0,1.0,1.0,1.0,1.0,0.5,0.0
small_grid_physical_score,G_b1p0_r0p5_sc0p0,R2_beta_loso_plus_alpha,beta,beta_sure_only,macro_site_average,,C14_small_weight_grid,Unweighted average of per-site metrics.,2330,482,454,79,28,1769,0.6803298640316859,0.793864624152373,0.730082341206371,223487,9958,9065,1692,893,211837,0.6578462471597875,0.7729358645059898,0.705364150766604,1242.168622875,1283.3148600625,1188.30150875,1337.1819741875001,0.7388106744536947,0.8033833095075675,0.7660729926531429,0.8020969695394315,1.0,0.5,1.0,1.0,1.0,1.0,1.0,0.0,0.0
small_grid_physical_score,G_b1p0_r2p0_sc0p0,R1_beta_loso,beta,beta_sure_only,macro_site_average,,C14_small_weight_grid,Unweighted average of per-site metrics.,2330,482,447,68,35,1780,0.6294435765651374,0.700173072728654,0.6614408217876707,223487,9958,8930,1513,1028,212016,0.6018663412324492,0.6811088702866437,0.6345153846383539,1242.168622875,1246.6421460625,1172.8054818125001,1316.0052871250002,0.6907109778240466,0.7149988209855869,0.7023162235543036,0.7558059560504347,1.0,2.0,1.0,1.0,1.0,1.0,1.0,0.0,0.0
small_grid_physical_score,G_b2p0_r1p5_sc0p0,R1_beta_loso,beta,beta_sure_only,macro_site_average,,C14_small_weight_grid,Unweighted average of per-site metrics.,2330,482,432,51,50,1797,0.6455142731945389,0.6817020681851043,0.6606506010415394,223487,9958,8689,1228,1269,212301,0.618259287805472,0.6669628627818347,0.6367973546478938,1242.168622875,1198.0244558125,1144.6768228125002,1295.5162558749998,0.6992729113633258,0.7057832137631423,0.7019602957108975,0.7551130577536413,2.0,1.5,1.0,1.0,1.0,1.0,1.0,0.0,0.0
small_grid_physical_score,G_b1p0_r0p5_sc0p0,R1_beta_loso,beta,beta_sure_only,macro_site_average,,C14_small_weight_grid,Unweighted average of per-site metrics.,2330,482,445,67,37,1781,0.6322376297516452,0.6924472323925195,0.659650248125957,223487,9958,8929,1541,1029,211988,0.6012920175045993,0.6754915540481052,0.6318252406056266,1242.168622875,1254.4650530625,1176.2653600625001,1320.368315875,0.6904380396977854,0.711319014139087,0.700508870482466,0.7523837038163824,1.0,0.5,1.0,1.0,1.0,1.0,1.0,0.0,0.0
small_grid_physical_score,G_b1p0_r1p0_sc0p5,R1_beta_loso,beta,beta_sure_only,macro_site_average,,C14_small_weight_grid,Unweighted average of per-site metrics.,2330,482,438,59,44,1789,0.6336400830895957,0.6910060062957817,0.6583797384198904,223487,9958,8832,1371,1126,212158,0.6070578922448263,0.6753362499055708,0.63531542876644,1242.168622875,1231.1001171875,1164.088195,1309.1805450625002,0.6943427075964895,0.7127825788944938,0.7029891088965985,0.7569663866531435,1.0,1.0,1.0,1.0,1.0,1.0,1.0,0.5,0.0
small_grid_physical_score,G_b1p0_r2p0_sc0p5,R1_beta_loso,beta,beta_sure_only,macro_site_average,,C14_small_weight_grid,Unweighted average of per-site metrics.,2330,482,438,59,44,1789,0.633027748409627,0.6902794656795351,0.6574157166782331,223487,9958,8824,1355,1134,212174,0.6080630243260614,0.6745849700799277,0.6358955729686149,1242.168622875,1230.8784726875,1163.011520125,1310.0355754375,0.6939934835339379,0.7120286435893046,0.7024738901206139,0.7559986629848205,1.0,2.0,1.0,1.0,1.0,1.0,1.0,0.5,0.0
small_grid_physical_score,G_b1p0_r1p5_sc0p5,R2_beta_loso_plus_alpha,beta,beta_sure_only,pooled,,C14_small_weight_grid,Top-10 day-F1 grid candidate expanded to selected v0.3 candidate window.,2330,482,447,65,35,1783,0.873046875,0.9273858921161826,0.8993963782696177,223487,9958,8958,1460,1000,212069,0.8598579381839124,0.8995782285599518,0.8792697290930507,9937.348983,9978.275014499999,9406.205477500002,10509.41852,0.9426684936856631,0.9465507846802367,0.9446056501850767,0.8950262528416274,1.0,1.5,1.0,1.0,1.0,1.0,1.0,0.5,0.0
small_grid_physical_score,G_b1p0_r2p0_sc0p5,R2_beta_loso_plus_alpha,beta,beta_sure_only,pooled,,C14_small_weight_grid,Top-10 day-F1 grid candidate expanded to selected v0.3 candidate window.,2330,482,444,62,38,1786,0.8774703557312253,0.921161825726141,0.8987854251012145,223487,9958,8892,1402,1066,212127,0.863804157761803,0.8929503916449086,0.8781354927908355,9937.348983,9903.1656485,9346.371813000002,10494.1428185,0.9437761767032207,0.940529695494141,0.942150139408293,0.89062746473427,1.0,2.0,1.0,1.0,1.0,1.0,1.0,0.5,0.0
small_grid_physical_score,G_b1p0_r2p0_sc0p0,R1_beta_loso,beta,beta_sure_only,pooled,,C14_small_weight_grid,Top-10 day-F1 grid candidate expanded to selected v0.3 candidate window.,2330,482,447,68,35,1780,0.8679611650485437,0.9273858921161826,0.8966900702106319,223487,9958,8930,1513,1028,212016,0.8551182610361008,0.8967664189596305,0.8754472819959805,9937.348983,9973.137168500001,9382.443854500001,10528.042297,0.9407715642510467,0.9441596416258214,0.9424625579816044,0.8911859954412948,1.0,2.0,1.0,1.0,1.0,1.0,1.0,0.0,0.0
small_grid_physical_score,G_b1p0_r1p0_sc0p5,R2_beta_loso_plus_alpha,beta,beta_sure_only,pooled,,C14_small_weight_grid,Top-10 day-F1 grid candidate expanded to selected v0.3 candidate window.,2330,482,441,61,41,1787,0.8784860557768924,0.9149377593360996,0.8963414634146342,223487,9958,8878,1395,1080,212134,0.8642071449430546,0.891544486844748,0.8776629924373487,9937.348983,9883.752792500001,9334.2510095,10486.850766,0.9444035282411176,0.939309973461561,0.9418498643741045,0.8900909546422738,1.0,1.0,1.0,1.0,1.0,1.0,1.0,0.5,0.0
small_grid_physical_score,G_b1p0_r0p5_sc0p0,R1_beta_loso,beta,beta_sure_only,pooled,,C14_small_weight_grid,Top-10 day-F1 grid candidate expanded to selected v0.3 candidate window.,2330,482,445,67,37,1781,0.869140625,0.9232365145228216,0.8953722334004024,223487,9958,8929,1541,1029,211988,0.8528175740210124,0.8966659971881904,0.8741922850988839,9937.348983,10035.720424500001,9410.1228805,10562.946527,0.9376629163091527,0.946944994746392,0.942281097462811,0.8908615466760849,1.0,0.5,1.0,1.0,1.0,1.0,1.0,0.0,0.0
small_grid_physical_score,G_b2p0_r1p5_sc0p0,R1_beta_loso,beta,beta_sure_only,pooled,,C14_small_weight_grid,Top-10 day-F1 grid candidate expanded to selected v0.3 candidate window.,2330,482,432,51,50,1797,0.8944099378881988,0.8962655601659751,0.8953367875647669,223487,9958,8689,1228,1269,212301,0.8761722295048906,0.8725647720425789,0.8743647798742139,9937.348983,9584.1956465,9157.414582499998,10364.130046999999,0.9554703305586363,0.9215148424560464,0.9381854516431822,0.8835680892628999,2.0,1.5,1.0,1.0,1.0,1.0,1.0,0.0,0.0
small_grid_physical_score,G_b1p0_r2p0_sc0p5,R1_beta_loso,beta,beta_sure_only,pooled,,C14_small_weight_grid,Top-10 day-F1 grid candidate expanded to selected v0.3 candidate window.,2330,482,438,59,44,1789,0.8812877263581489,0.9087136929460581,0.8947906026557712,223487,9958,8824,1355,1134,212174,0.8668827979172806,0.8861217111869854,0.8763966827233449,9937.348983,9847.0277815,9304.092161,10480.2846035,0.9448629949516305,0.9362750746619322,0.9405494316803299,0.8877709444925572,1.0,2.0,1.0,1.0,1.0,1.0,1.0,0.5,0.0
small_grid_physical_score,G_b1p0_r1p0_sc0p5,R1_beta_loso,beta,beta_sure_only,pooled,,C14_small_weight_grid,Top-10 day-F1 grid candidate expanded to selected v0.3 candidate window.,2330,482,438,59,44,1789,0.8812877263581489,0.9087136929460581,0.8947906026557712,223487,9958,8832,1371,1126,212158,0.8656277565421935,0.8869250853585057,0.8761470165170379,9937.348983,9848.8009375,9312.70556,10473.4443605,0.9455674471540206,0.9371418449660379,0.9413357927053113,0.8891731544516854,1.0,1.0,1.0,1.0,1.0,1.0,1.0,0.5,0.0
small_grid_physical_score,G_b1p0_r0p5_sc0p0,R2_beta_loso_plus_alpha,beta,beta_sure_only,pooled,,C14_small_weight_grid,Top-10 day-F1 grid candidate expanded to selected v0.3 candidate window.,2330,482,454,79,28,1769,0.851782363977486,0.941908713692946,0.8945812807881774,223487,9958,9065,1692,893,211837,0.8427070744631403,0.910323358104037,0.8752111996138064,9937.348983,10266.5188805,9506.412070000002,10697.455793500001,0.9259625566029273,0.9566346201852014,0.9410487273255377,0.8886610287070593,1.0,0.5,1.0,1.0,1.0,1.0,1.0,0.0,0.0
small_grid_physical_score,G_b1p0_r1p0_sc0p0,R2_beta_loso_plus_alpha,beta,beta_sure_only,pooled,,C14_small_weight_grid,Top-10 day-F1 grid candidate expanded to selected v0.3 candidate window.,2330,482,453,78,29,1770,0.8531073446327684,0.9398340248962656,0.8943731490621916,223487,9958,9046,1675,912,211854,0.8437645742001679,0.908415344446676,0.8748972387446202,9937.348983,10169.522529999998,9482.377388,10624.494125000001,0.9324309337067768,0.9542159990779908,0.943197690587441,0.8925015418557634,1.0,1.0,1.0,1.0,1.0,1.0,1.0,0.0,0.0
