month,total_intervals,rpf_intervals,dataset,level,rpf_interval_pct,season,hour,is_weekend
1.0,89280,2537,Alpha,month,2.841621863799283,,,
2.0,81600,2387,Alpha,month,2.9252450980392157,,,
3.0,89280,3225,Alpha,month,3.612231182795699,,,
4.0,85248,4580,Alpha,month,5.37256006006006,,,
5.0,89280,3045,Alpha,month,3.410618279569892,,,
6.0,86208,1371,Alpha,month,1.5903396436525612,,,
7.0,86688,2018,Alpha,month,2.327888519748985,,,
8.0,86688,4683,Alpha,month,5.4021317829457365,,,
9.0,81812,7289,Alpha,month,8.909450936292965,,,
10.0,59510,5290,Alpha,month,8.889262308855654,,,
11.0,86390,6772,Alpha,month,7.838870239611066,,,
12.0,89280,4783,Alpha,month,5.357302867383513,,,
,263808,10850,Alpha,season,4.112839640950995,autumn,,
,227712,19351,Alpha,season,8.49801503653738,spring,,
,260160,9707,Alpha,season,3.7311654366543663,summer,,
,259584,8072,Alpha,season,3.1095907297830374,winter,,
,42136,0,Alpha,hour,0.0,,0.0,
,42136,0,Alpha,hour,0.0,,1.0,
,42136,0,Alpha,hour,0.0,,2.0,
,42136,0,Alpha,hour,0.0,,3.0,
,42136,0,Alpha,hour,0.0,,4.0,
,42136,0,Alpha,hour,0.0,,5.0,
,42136,0,Alpha,hour,0.0,,6.0,
,42136,5,Alpha,hour,0.011866337573571292,,7.0,
,42136,449,Alpha,hour,1.0655971141067022,,8.0,
,42136,2838,Alpha,hour,6.735333206759066,,9.0,
,42136,6243,Alpha,hour,14.816309094361117,,10.0,
,42136,8664,Alpha,hour,20.561989747484336,,11.0,
,42136,9573,Alpha,hour,22.719289918359596,,12.0,
,42136,8959,Alpha,hour,21.262103664325043,,13.0,
,42136,6938,Alpha,hour,16.465730017087527,,14.0,
,42136,3327,Alpha,hour,7.895861021454338,,15.0,
,42136,939,Alpha,hour,2.2284981963166888,,16.0,
,42136,40,Alpha,hour,0.09493070058857034,,17.0,
,42136,5,Alpha,hour,0.011866337573571292,,18.0,
,42136,0,Alpha,hour,0.0,,19.0,
,42136,0,Alpha,hour,0.0,,20.0,
,42136,0,Alpha,hour,0.0,,21.0,
,42136,0,Alpha,hour,0.0,,22.0,
,42136,0,Alpha,hour,0.0,,23.0,
,724069,34484,Alpha,weekday_weekend,4.762529537930777,,,False
,287195,13496,Alpha,weekday_weekend,4.699246156792423,,,True
1.0,3720,0,Alpha,month_hour,0.0,,0.0,
1.0,3720,0,Alpha,month_hour,0.0,,1.0,
1.0,3720,0,Alpha,month_hour,0.0,,2.0,
1.0,3720,0,Alpha,month_hour,0.0,,3.0,
1.0,3720,0,Alpha,month_hour,0.0,,4.0,
1.0,3720,0,Alpha,month_hour,0.0,,5.0,
1.0,3720,0,Alpha,month_hour,0.0,,6.0,
1.0,3720,0,Alpha,month_hour,0.0,,7.0,
1.0,3720,1,Alpha,month_hour,0.026881720430107527,,8.0,
1.0,3720,79,Alpha,month_hour,2.1236559139784945,,9.0,
1.0,3720,293,Alpha,month_hour,7.876344086021506,,10.0,
1.0,3720,426,Alpha,month_hour,11.451612903225806,,11.0,
1.0,3720,436,Alpha,month_hour,11.720430107526882,,12.0,
1.0,3720,464,Alpha,month_hour,12.473118279569892,,13.0,
1.0,3720,430,Alpha,month_hour,11.559139784946236,,14.0,
1.0,3720,286,Alpha,month_hour,7.688172043010753,,15.0,
1.0,3720,115,Alpha,month_hour,3.0913978494623655,,16.0,
1.0,3720,7,Alpha,month_hour,0.1881720430107527,,17.0,
1.0,3720,0,Alpha,month_hour,0.0,,18.0,
1.0,3720,0,Alpha,month_hour,0.0,,19.0,
1.0,3720,0,Alpha,month_hour,0.0,,20.0,
1.0,3720,0,Alpha,month_hour,0.0,,21.0,
1.0,3720,0,Alpha,month_hour,0.0,,22.0,
1.0,3720,0,Alpha,month_hour,0.0,,23.0,
2.0,3400,0,Alpha,month_hour,0.0,,0.0,
2.0,3400,0,Alpha,month_hour,0.0,,1.0,
2.0,3400,0,Alpha,month_hour,0.0,,2.0,
2.0,3400,0,Alpha,month_hour,0.0,,3.0,
2.0,3400,0,Alpha,month_hour,0.0,,4.0,
2.0,3400,0,Alpha,month_hour,0.0,,5.0,
2.0,3400,0,Alpha,month_hour,0.0,,6.0,
2.0,3400,0,Alpha,month_hour,0.0,,7.0,
2.0,3400,0,Alpha,month_hour,0.0,,8.0,
2.0,3400,35,Alpha,month_hour,1.0294117647058822,,9.0,
2.0,3400,280,Alpha,month_hour,8.235294117647058,,10.0,
2.0,3400,462,Alpha,month_hour,13.588235294117649,,11.0,
2.0,3400,475,Alpha,month_hour,13.970588235294118,,12.0,
2.0,3400,444,Alpha,month_hour,13.058823529411764,,13.0,
2.0,3400,363,Alpha,month_hour,10.676470588235293,,14.0,
2.0,3400,246,Alpha,month_hour,7.235294117647059,,15.0,
2.0,3400,81,Alpha,month_hour,2.3823529411764706,,16.0,
2.0,3400,1,Alpha,month_hour,0.02941176470588235,,17.0,
2.0,3400,0,Alpha,month_hour,0.0,,18.0,
2.0,3400,0,Alpha,month_hour,0.0,,19.0,
2.0,3400,0,Alpha,month_hour,0.0,,20.0,
2.0,3400,0,Alpha,month_hour,0.0,,21.0,
2.0,3400,0,Alpha,month_hour,0.0,,22.0,
2.0,3400,0,Alpha,month_hour,0.0,,23.0,
3.0,3720,0,Alpha,month_hour,0.0,,0.0,
3.0,3720,0,Alpha,month_hour,0.0,,1.0,
3.0,3720,0,Alpha,month_hour,0.0,,2.0,
3.0,3720,0,Alpha,month_hour,0.0,,3.0,
3.0,3720,0,Alpha,month_hour,0.0,,4.0,
3.0,3720,0,Alpha,month_hour,0.0,,5.0,
3.0,3720,0,Alpha,month_hour,0.0,,6.0,
3.0,3720,0,Alpha,month_hour,0.0,,7.0,
3.0,3720,0,Alpha,month_hour,0.0,,8.0,
3.0,3720,24,Alpha,month_hour,0.6451612903225806,,9.0,
3.0,3720,290,Alpha,month_hour,7.795698924731183,,10.0,
3.0,3720,549,Alpha,month_hour,14.758064516129032,,11.0,
3.0,3720,643,Alpha,month_hour,17.28494623655914,,12.0,
3.0,3720,664,Alpha,month_hour,17.8494623655914,,13.0,
3.0,3720,579,Alpha,month_hour,15.564516129032258,,14.0,
3.0,3720,392,Alpha,month_hour,10.53763440860215,,15.0,
3.0,3720,84,Alpha,month_hour,2.258064516129032,,16.0,
3.0,3720,0,Alpha,month_hour,0.0,,17.0,
3.0,3720,0,Alpha,month_hour,0.0,,18.0,
3.0,3720,0,Alpha,month_hour,0.0,,19.0,
3.0,3720,0,Alpha,month_hour,0.0,,20.0,
3.0,3720,0,Alpha,month_hour,0.0,,21.0,
3.0,3720,0,Alpha,month_hour,0.0,,22.0,
3.0,3720,0,Alpha,month_hour,0.0,,23.0,
4.0,3552,0,Alpha,month_hour,0.0,,0.0,
4.0,3552,0,Alpha,month_hour,0.0,,1.0,
4.0,3552,0,Alpha,month_hour,0.0,,2.0,
4.0,3552,0,Alpha,month_hour,0.0,,3.0,
4.0,3552,0,Alpha,month_hour,0.0,,4.0,
4.0,3552,0,Alpha,month_hour,0.0,,5.0,
4.0,3552,0,Alpha,month_hour,0.0,,6.0,
4.0,3552,0,Alpha,month_hour,0.0,,7.0,
4.0,3552,8,Alpha,month_hour,0.22522522522522523,,8.0,
4.0,3552,313,Alpha,month_hour,8.811936936936938,,9.0,
4.0,3552,847,Alpha,month_hour,23.84572072072072,,10.0,
4.0,3552,960,Alpha,month_hour,27.027027027027028,,11.0,
4.0,3552,961,Alpha,month_hour,27.055180180180184,,12.0,
4.0,3552,818,Alpha,month_hour,23.02927927927928,,13.0,
4.0,3552,577,Alpha,month_hour,16.24436936936937,,14.0,
4.0,3552,96,Alpha,month_hour,2.7027027027027026,,15.0,
4.0,3552,0,Alpha,month_hour,0.0,,16.0,
4.0,3552,0,Alpha,month_hour,0.0,,17.0,
4.0,3552,0,Alpha,month_hour,0.0,,18.0,
4.0,3552,0,Alpha,month_hour,0.0,,19.0,
4.0,3552,0,Alpha,month_hour,0.0,,20.0,
4.0,3552,0,Alpha,month_hour,0.0,,21.0,
4.0,3552,0,Alpha,month_hour,0.0,,22.0,
4.0,3552,0,Alpha,month_hour,0.0,,23.0,
5.0,3720,0,Alpha,month_hour,0.0,,0.0,
5.0,3720,0,Alpha,month_hour,0.0,,1.0,
5.0,3720,0,Alpha,month_hour,0.0,,2.0,
5.0,3720,0,Alpha,month_hour,0.0,,3.0,
5.0,3720,0,Alpha,month_hour,0.0,,4.0,
5.0,3720,0,Alpha,month_hour,0.0,,5.0,
5.0,3720,0,Alpha,month_hour,0.0,,6.0,
5.0,3720,0,Alpha,month_hour,0.0,,7.0,
5.0,3720,0,Alpha,month_hour,0.0,,8.0,
5.0,3720,37,Alpha,month_hour,0.9946236559139785,,9.0,
5.0,3720,349,Alpha,month_hour,9.381720430107526,,10.0,
5.0,3720,722,Alpha,month_hour,19.408602150537636,,11.0,
5.0,3720,868,Alpha,month_hour,23.333333333333332,,12.0,
5.0,3720,703,Alpha,month_hour,18.897849462365592,,13.0,
5.0,3720,345,Alpha,month_hour,9.274193548387096,,14.0,
5.0,3720,16,Alpha,month_hour,0.43010752688172044,,15.0,
5.0,3720,0,Alpha,month_hour,0.0,,16.0,
5.0,3720,0,Alpha,month_hour,0.0,,17.0,
5.0,3720,5,Alpha,month_hour,0.13440860215053765,,18.0,
5.0,3720,0,Alpha,month_hour,0.0,,19.0,
5.0,3720,0,Alpha,month_hour,0.0,,20.0,
5.0,3720,0,Alpha,month_hour,0.0,,21.0,
5.0,3720,0,Alpha,month_hour,0.0,,22.0,
5.0,3720,0,Alpha,month_hour,0.0,,23.0,
6.0,3592,0,Alpha,month_hour,0.0,,0.0,
6.0,3592,0,Alpha,month_hour,0.0,,1.0,
6.0,3592,0,Alpha,month_hour,0.0,,2.0,
6.0,3592,0,Alpha,month_hour,0.0,,3.0,
6.0,3592,0,Alpha,month_hour,0.0,,4.0,
6.0,3592,0,Alpha,month_hour,0.0,,5.0,
6.0,3592,0,Alpha,month_hour,0.0,,6.0,
6.0,3592,0,Alpha,month_hour,0.0,,7.0,
6.0,3592,0,Alpha,month_hour,0.0,,8.0,
6.0,3592,0,Alpha,month_hour,0.0,,9.0,
6.0,3592,63,Alpha,month_hour,1.7538975501113587,,10.0,
6.0,3592,304,Alpha,month_hour,8.463251670378618,,11.0,
6.0,3592,494,Alpha,month_hour,13.752783964365257,,12.0,
6.0,3592,400,Alpha,month_hour,11.1358574610245,,13.0,
6.0,3592,110,Alpha,month_hour,3.0623608017817374,,14.0,
6.0,3592,0,Alpha,month_hour,0.0,,15.0,
6.0,3592,0,Alpha,month_hour,0.0,,16.0,
6.0,3592,0,Alpha,month_hour,0.0,,17.0,
6.0,3592,0,Alpha,month_hour,0.0,,18.0,
6.0,3592,0,Alpha,month_hour,0.0,,19.0,
6.0,3592,0,Alpha,month_hour,0.0,,20.0,
6.0,3592,0,Alpha,month_hour,0.0,,21.0,
6.0,3592,0,Alpha,month_hour,0.0,,22.0,
6.0,3592,0,Alpha,month_hour,0.0,,23.0,
7.0,3612,0,Alpha,month_hour,0.0,,0.0,
7.0,3612,0,Alpha,month_hour,0.0,,1.0,
7.0,3612,0,Alpha,month_hour,0.0,,2.0,
7.0,3612,0,Alpha,month_hour,0.0,,3.0,
7.0,3612,0,Alpha,month_hour,0.0,,4.0,
7.0,3612,0,Alpha,month_hour,0.0,,5.0,
7.0,3612,0,Alpha,month_hour,0.0,,6.0,
7.0,3612,0,Alpha,month_hour,0.0,,7.0,
7.0,3612,0,Alpha,month_hour,0.0,,8.0,
7.0,3612,2,Alpha,month_hour,0.05537098560354374,,9.0,
7.0,3612,119,Alpha,month_hour,3.2945736434108532,,10.0,
7.0,3612,424,Alpha,month_hour,11.738648947951273,,11.0,
7.0,3612,613,Alpha,month_hour,16.971207087486157,,12.0,
7.0,3612,571,Alpha,month_hour,15.808416389811738,,13.0,
7.0,3612,273,Alpha,month_hour,7.55813953488372,,14.0,
7.0,3612,16,Alpha,month_hour,0.4429678848283499,,15.0,
7.0,3612,0,Alpha,month_hour,0.0,,16.0,
7.0,3612,0,Alpha,month_hour,0.0,,17.0,
7.0,3612,0,Alpha,month_hour,0.0,,18.0,
7.0,3612,0,Alpha,month_hour,0.0,,19.0,
7.0,3612,0,Alpha,month_hour,0.0,,20.0,
7.0,3612,0,Alpha,month_hour,0.0,,21.0,
7.0,3612,0,Alpha,month_hour,0.0,,22.0,
7.0,3612,0,Alpha,month_hour,0.0,,23.0,
8.0,3612,0,Alpha,month_hour,0.0,,0.0,
8.0,3612,0,Alpha,month_hour,0.0,,1.0,
8.0,3612,0,Alpha,month_hour,0.0,,2.0,
8.0,3612,0,Alpha,month_hour,0.0,,3.0,
8.0,3612,0,Alpha,month_hour,0.0,,4.0,
8.0,3612,0,Alpha,month_hour,0.0,,5.0,
8.0,3612,0,Alpha,month_hour,0.0,,6.0,
8.0,3612,0,Alpha,month_hour,0.0,,7.0,
8.0,3612,6,Alpha,month_hour,0.16611295681063123,,8.0,
8.0,3612,152,Alpha,month_hour,4.208194905869324,,9.0,
8.0,3612,609,Alpha,month_hour,16.86046511627907,,10.0,
8.0,3612,934,Alpha,month_hour,25.85825027685493,,11.0,
8.0,3612,1048,Alpha,month_hour,29.014396456256918,,12.0,
8.0,3612,993,Alpha,month_hour,27.491694352159467,,13.0,
8.0,3612,751,Alpha,month_hour,20.791805094130673,,14.0,
8.0,3612,190,Alpha,month_hour,5.260243632336656,,15.0,
8.0,3612,0,Alpha,month_hour,0.0,,16.0,
8.0,3612,0,Alpha,month_hour,0.0,,17.0,
8.0,3612,0,Alpha,month_hour,0.0,,18.0,
8.0,3612,0,Alpha,month_hour,0.0,,19.0,
8.0,3612,0,Alpha,month_hour,0.0,,20.0,
8.0,3612,0,Alpha,month_hour,0.0,,21.0,
8.0,3612,0,Alpha,month_hour,0.0,,22.0,
8.0,3612,0,Alpha,month_hour,0.0,,23.0,
9.0,3428,0,Alpha,month_hour,0.0,,0.0,
9.0,3408,0,Alpha,month_hour,0.0,,1.0,
9.0,3408,0,Alpha,month_hour,0.0,,2.0,
9.0,3408,0,Alpha,month_hour,0.0,,3.0,
9.0,3408,0,Alpha,month_hour,0.0,,4.0,
9.0,3408,0,Alpha,month_hour,0.0,,5.0,
9.0,3408,0,Alpha,month_hour,0.0,,6.0,
9.0,3408,0,Alpha,month_hour,0.0,,7.0,
9.0,3408,91,Alpha,month_hour,2.67018779342723,,8.0,
9.0,3408,723,Alpha,month_hour,21.214788732394364,,9.0,
9.0,3408,1141,Alpha,month_hour,33.48004694835681,,10.0,
9.0,3408,1274,Alpha,month_hour,37.38262910798122,,11.0,
9.0,3408,1288,Alpha,month_hour,37.79342723004695,,12.0,
9.0,3408,1234,Alpha,month_hour,36.208920187793424,,13.0,
9.0,3408,1097,Alpha,month_hour,32.18896713615024,,14.0,
9.0,3408,435,Alpha,month_hour,12.764084507042254,,15.0,
9.0,3408,6,Alpha,month_hour,0.17605633802816903,,16.0,
9.0,3408,0,Alpha,month_hour,0.0,,17.0,
9.0,3408,0,Alpha,month_hour,0.0,,18.0,
9.0,3408,0,Alpha,month_hour,0.0,,19.0,
9.0,3408,0,Alpha,month_hour,0.0,,20.0,
9.0,3408,0,Alpha,month_hour,0.0,,21.0,
9.0,3408,0,Alpha,month_hour,0.0,,22.0,
9.0,3408,0,Alpha,month_hour,0.0,,23.0,
10.0,2470,0,Alpha,month_hour,0.0,,0.0,
10.0,2480,0,Alpha,month_hour,0.0,,1.0,
10.0,2480,0,Alpha,month_hour,0.0,,2.0,
10.0,2480,0,Alpha,month_hour,0.0,,3.0,
10.0,2480,0,Alpha,month_hour,0.0,,4.0,
10.0,2480,0,Alpha,month_hour,0.0,,5.0,
10.0,2480,0,Alpha,month_hour,0.0,,6.0,
10.0,2480,5,Alpha,month_hour,0.20161290322580644,,7.0,
10.0,2480,305,Alpha,month_hour,12.298387096774194,,8.0,
10.0,2480,709,Alpha,month_hour,28.588709677419356,,9.0,
10.0,2480,799,Alpha,month_hour,32.21774193548387,,10.0,
10.0,2480,836,Alpha,month_hour,33.70967741935484,,11.0,
10.0,2480,880,Alpha,month_hour,35.483870967741936,,12.0,
10.0,2480,817,Alpha,month_hour,32.94354838709677,,13.0,
10.0,2480,680,Alpha,month_hour,27.419354838709676,,14.0,
10.0,2480,257,Alpha,month_hour,10.36290322580645,,15.0,
10.0,2480,2,Alpha,month_hour,0.08064516129032258,,16.0,
10.0,2480,0,Alpha,month_hour,0.0,,17.0,
10.0,2480,0,Alpha,month_hour,0.0,,18.0,
10.0,2480,0,Alpha,month_hour,0.0,,19.0,
10.0,2480,0,Alpha,month_hour,0.0,,20.0,
10.0,2480,0,Alpha,month_hour,0.0,,21.0,
10.0,2480,0,Alpha,month_hour,0.0,,22.0,
10.0,2480,0,Alpha,month_hour,0.0,,23.0,
11.0,3590,0,Alpha,month_hour,0.0,,0.0,
11.0,3600,0,Alpha,month_hour,0.0,,1.0,
11.0,3600,0,Alpha,month_hour,0.0,,2.0,
11.0,3600,0,Alpha,month_hour,0.0,,3.0,
11.0,3600,0,Alpha,month_hour,0.0,,4.0,
11.0,3600,0,Alpha,month_hour,0.0,,5.0,
11.0,3600,0,Alpha,month_hour,0.0,,6.0,
11.0,3600,0,Alpha,month_hour,0.0,,7.0,
11.0,3600,23,Alpha,month_hour,0.638888888888889,,8.0,
11.0,3600,474,Alpha,month_hour,13.166666666666666,,9.0,
11.0,3600,862,Alpha,month_hour,23.944444444444443,,10.0,
11.0,3600,1011,Alpha,month_hour,28.083333333333332,,11.0,
11.0,3600,1073,Alpha,month_hour,29.805555555555557,,12.0,
11.0,3600,1062,Alpha,month_hour,29.5,,13.0,
11.0,3600,1009,Alpha,month_hour,28.02777777777778,,14.0,
11.0,3600,853,Alpha,month_hour,23.694444444444446,,15.0,
11.0,3600,393,Alpha,month_hour,10.916666666666666,,16.0,
11.0,3600,12,Alpha,month_hour,0.33333333333333337,,17.0,
11.0,3600,0,Alpha,month_hour,0.0,,18.0,
11.0,3600,0,Alpha,month_hour,0.0,,19.0,
11.0,3600,0,Alpha,month_hour,0.0,,20.0,
11.0,3600,0,Alpha,month_hour,0.0,,21.0,
11.0,3600,0,Alpha,month_hour,0.0,,22.0,
11.0,3600,0,Alpha,month_hour,0.0,,23.0,
12.0,3720,0,Alpha,month_hour,0.0,,0.0,
12.0,3720,0,Alpha,month_hour,0.0,,1.0,
12.0,3720,0,Alpha,month_hour,0.0,,2.0,
12.0,3720,0,Alpha,month_hour,0.0,,3.0,
12.0,3720,0,Alpha,month_hour,0.0,,4.0,
12.0,3720,0,Alpha,month_hour,0.0,,5.0,
12.0,3720,0,Alpha,month_hour,0.0,,6.0,
12.0,3720,0,Alpha,month_hour,0.0,,7.0,
12.0,3720,15,Alpha,month_hour,0.4032258064516129,,8.0,
12.0,3720,290,Alpha,month_hour,7.795698924731183,,9.0,
12.0,3720,591,Alpha,month_hour,15.887096774193548,,10.0,
12.0,3720,762,Alpha,month_hour,20.483870967741936,,11.0,
12.0,3720,794,Alpha,month_hour,21.344086021505376,,12.0,
12.0,3720,789,Alpha,month_hour,21.20967741935484,,13.0,
12.0,3720,724,Alpha,month_hour,19.462365591397848,,14.0,
12.0,3720,540,Alpha,month_hour,14.516129032258066,,15.0,
12.0,3720,258,Alpha,month_hour,6.935483870967742,,16.0,
12.0,3720,20,Alpha,month_hour,0.5376344086021506,,17.0,
12.0,3720,0,Alpha,month_hour,0.0,,18.0,
12.0,3720,0,Alpha,month_hour,0.0,,19.0,
12.0,3720,0,Alpha,month_hour,0.0,,20.0,
12.0,3720,0,Alpha,month_hour,0.0,,21.0,
12.0,3720,0,Alpha,month_hour,0.0,,22.0,
12.0,3720,0,Alpha,month_hour,0.0,,23.0,
1.0,23808,156,Beta,month,0.655241935483871,,,
2.0,22272,126,Beta,month,0.5657327586206896,,,
3.0,23520,719,Beta,month,3.056972789115646,,,
4.0,23040,1321,Beta,month,5.733506944444445,,,
5.0,23808,459,Beta,month,1.9279233870967742,,,
6.0,23040,24,Beta,month,0.10416666666666667,,,
7.0,23808,31,Beta,month,0.13020833333333331,,,
8.0,23808,392,Beta,month,1.646505376344086,,,
9.0,23040,2754,Beta,month,11.953125,,,
10.0,23808,2799,Beta,month,11.75655241935484,,,
11.0,23040,1476,Beta,month,6.406249999999999,,,
12.0,23808,347,Beta,month,1.4574932795698925,,,
,70368,2499,Beta,season,3.5513301500682126,autumn,,
,69888,7029,Beta,season,10.057520604395604,spring,,
,69888,629,Beta,season,0.9000114468864469,summer,,
,70656,447,Beta,season,0.6326426630434783,winter,,
,11700,0,Beta,hour,0.0,,0.0,
,11700,0,Beta,hour,0.0,,1.0,
,11700,0,Beta,hour,0.0,,2.0,
,11700,0,Beta,hour,0.0,,3.0,
,11700,0,Beta,hour,0.0,,4.0,
,11700,0,Beta,hour,0.0,,5.0,
,11700,0,Beta,hour,0.0,,6.0,
,11700,1,Beta,hour,0.008547008547008548,,7.0,
,11700,114,Beta,hour,0.9743589743589745,,8.0,
,11700,822,Beta,hour,7.0256410256410255,,9.0,
,11700,1355,Beta,hour,11.581196581196581,,10.0,
,11700,1803,Beta,hour,15.410256410256409,,11.0,
,11700,2049,Beta,hour,17.51282051282051,,12.0,
,11700,1978,Beta,hour,16.905982905982906,,13.0,
,11700,1465,Beta,hour,12.521367521367521,,14.0,
,11700,819,Beta,hour,7.000000000000001,,15.0,
,11700,194,Beta,hour,1.658119658119658,,16.0,
,11700,4,Beta,hour,0.03418803418803419,,17.0,
,11700,0,Beta,hour,0.0,,18.0,
,11700,0,Beta,hour,0.0,,19.0,
,11700,0,Beta,hour,0.0,,20.0,
,11700,0,Beta,hour,0.0,,21.0,
,11700,0,Beta,hour,0.0,,22.0,
,11700,0,Beta,hour,0.0,,23.0,
,200447,7787,Beta,weekday_weekend,3.8848174330371616,,,False
,80353,2817,Beta,weekday_weekend,3.5057807424738345,,,True
1.0,992,0,Beta,month_hour,0.0,,0.0,
1.0,992,0,Beta,month_hour,0.0,,1.0,
1.0,992,0,Beta,month_hour,0.0,,2.0,
1.0,992,0,Beta,month_hour,0.0,,3.0,
1.0,992,0,Beta,month_hour,0.0,,4.0,
1.0,992,0,Beta,month_hour,0.0,,5.0,
1.0,992,0,Beta,month_hour,0.0,,6.0,
1.0,992,0,Beta,month_hour,0.0,,7.0,
1.0,992,0,Beta,month_hour,0.0,,8.0,
1.0,992,7,Beta,month_hour,0.7056451612903225,,9.0,
1.0,992,21,Beta,month_hour,2.1169354838709675,,10.0,
1.0,992,30,Beta,month_hour,3.024193548387097,,11.0,
1.0,992,41,Beta,month_hour,4.133064516129032,,12.0,
1.0,992,32,Beta,month_hour,3.225806451612903,,13.0,
1.0,992,21,Beta,month_hour,2.1169354838709675,,14.0,
1.0,992,4,Beta,month_hour,0.4032258064516129,,15.0,
1.0,992,0,Beta,month_hour,0.0,,16.0,
1.0,992,0,Beta,month_hour,0.0,,17.0,
1.0,992,0,Beta,month_hour,0.0,,18.0,
1.0,992,0,Beta,month_hour,0.0,,19.0,
1.0,992,0,Beta,month_hour,0.0,,20.0,
1.0,992,0,Beta,month_hour,0.0,,21.0,
1.0,992,0,Beta,month_hour,0.0,,22.0,
1.0,992,0,Beta,month_hour,0.0,,23.0,
2.0,928,0,Beta,month_hour,0.0,,0.0,
2.0,928,0,Beta,month_hour,0.0,,1.0,
2.0,928,0,Beta,month_hour,0.0,,2.0,
2.0,928,0,Beta,month_hour,0.0,,3.0,
2.0,928,0,Beta,month_hour,0.0,,4.0,
2.0,928,0,Beta,month_hour,0.0,,5.0,
2.0,928,0,Beta,month_hour,0.0,,6.0,
2.0,928,0,Beta,month_hour,0.0,,7.0,
2.0,928,0,Beta,month_hour,0.0,,8.0,
2.0,928,4,Beta,month_hour,0.43103448275862066,,9.0,
2.0,928,11,Beta,month_hour,1.1853448275862069,,10.0,
2.0,928,23,Beta,month_hour,2.478448275862069,,11.0,
2.0,928,38,Beta,month_hour,4.094827586206897,,12.0,
2.0,928,34,Beta,month_hour,3.6637931034482754,,13.0,
2.0,928,11,Beta,month_hour,1.1853448275862069,,14.0,
2.0,928,5,Beta,month_hour,0.5387931034482759,,15.0,
2.0,928,0,Beta,month_hour,0.0,,16.0,
2.0,928,0,Beta,month_hour,0.0,,17.0,
2.0,928,0,Beta,month_hour,0.0,,18.0,
2.0,928,0,Beta,month_hour,0.0,,19.0,
2.0,928,0,Beta,month_hour,0.0,,20.0,
2.0,928,0,Beta,month_hour,0.0,,21.0,
2.0,928,0,Beta,month_hour,0.0,,22.0,
2.0,928,0,Beta,month_hour,0.0,,23.0,
3.0,980,0,Beta,month_hour,0.0,,0.0,
3.0,980,0,Beta,month_hour,0.0,,1.0,
3.0,980,0,Beta,month_hour,0.0,,2.0,
3.0,980,0,Beta,month_hour,0.0,,3.0,
3.0,980,0,Beta,month_hour,0.0,,4.0,
3.0,980,0,Beta,month_hour,0.0,,5.0,
3.0,980,0,Beta,month_hour,0.0,,6.0,
3.0,980,0,Beta,month_hour,0.0,,7.0,
3.0,980,0,Beta,month_hour,0.0,,8.0,
3.0,980,17,Beta,month_hour,1.7346938775510203,,9.0,
3.0,980,66,Beta,month_hour,6.73469387755102,,10.0,
3.0,980,106,Beta,month_hour,10.816326530612246,,11.0,
3.0,980,132,Beta,month_hour,13.46938775510204,,12.0,
3.0,980,154,Beta,month_hour,15.714285714285714,,13.0,
3.0,980,139,Beta,month_hour,14.183673469387756,,14.0,
3.0,980,85,Beta,month_hour,8.673469387755102,,15.0,
3.0,980,18,Beta,month_hour,1.8367346938775513,,16.0,
3.0,980,2,Beta,month_hour,0.20408163265306123,,17.0,
3.0,980,0,Beta,month_hour,0.0,,18.0,
3.0,980,0,Beta,month_hour,0.0,,19.0,
3.0,980,0,Beta,month_hour,0.0,,20.0,
3.0,980,0,Beta,month_hour,0.0,,21.0,
3.0,980,0,Beta,month_hour,0.0,,22.0,
3.0,980,0,Beta,month_hour,0.0,,23.0,
4.0,960,0,Beta,month_hour,0.0,,0.0,
4.0,960,0,Beta,month_hour,0.0,,1.0,
4.0,960,0,Beta,month_hour,0.0,,2.0,
4.0,960,0,Beta,month_hour,0.0,,3.0,
4.0,960,0,Beta,month_hour,0.0,,4.0,
4.0,960,0,Beta,month_hour,0.0,,5.0,
4.0,960,0,Beta,month_hour,0.0,,6.0,
4.0,960,0,Beta,month_hour,0.0,,7.0,
4.0,960,7,Beta,month_hour,0.7291666666666666,,8.0,
4.0,960,127,Beta,month_hour,13.229166666666666,,9.0,
4.0,960,216,Beta,month_hour,22.5,,10.0,
4.0,960,238,Beta,month_hour,24.791666666666668,,11.0,
4.0,960,243,Beta,month_hour,25.3125,,12.0,
4.0,960,221,Beta,month_hour,23.020833333333332,,13.0,
4.0,960,179,Beta,month_hour,18.645833333333332,,14.0,
4.0,960,81,Beta,month_hour,8.4375,,15.0,
4.0,960,9,Beta,month_hour,0.9375,,16.0,
4.0,960,0,Beta,month_hour,0.0,,17.0,
4.0,960,0,Beta,month_hour,0.0,,18.0,
4.0,960,0,Beta,month_hour,0.0,,19.0,
4.0,960,0,Beta,month_hour,0.0,,20.0,
4.0,960,0,Beta,month_hour,0.0,,21.0,
4.0,960,0,Beta,month_hour,0.0,,22.0,
4.0,960,0,Beta,month_hour,0.0,,23.0,
5.0,992,0,Beta,month_hour,0.0,,0.0,
5.0,992,0,Beta,month_hour,0.0,,1.0,
5.0,992,0,Beta,month_hour,0.0,,2.0,
5.0,992,0,Beta,month_hour,0.0,,3.0,
5.0,992,0,Beta,month_hour,0.0,,4.0,
5.0,992,0,Beta,month_hour,0.0,,5.0,
5.0,992,0,Beta,month_hour,0.0,,6.0,
5.0,992,0,Beta,month_hour,0.0,,7.0,
5.0,992,0,Beta,month_hour,0.0,,8.0,
5.0,992,9,Beta,month_hour,0.9072580645161291,,9.0,
5.0,992,64,Beta,month_hour,6.451612903225806,,10.0,
5.0,992,109,Beta,month_hour,10.987903225806452,,11.0,
5.0,992,112,Beta,month_hour,11.29032258064516,,12.0,
5.0,992,100,Beta,month_hour,10.080645161290322,,13.0,
5.0,992,59,Beta,month_hour,5.947580645161291,,14.0,
5.0,992,6,Beta,month_hour,0.6048387096774194,,15.0,
5.0,992,0,Beta,month_hour,0.0,,16.0,
5.0,992,0,Beta,month_hour,0.0,,17.0,
5.0,992,0,Beta,month_hour,0.0,,18.0,
5.0,992,0,Beta,month_hour,0.0,,19.0,
5.0,992,0,Beta,month_hour,0.0,,20.0,
5.0,992,0,Beta,month_hour,0.0,,21.0,
5.0,992,0,Beta,month_hour,0.0,,22.0,
5.0,992,0,Beta,month_hour,0.0,,23.0,
6.0,960,0,Beta,month_hour,0.0,,0.0,
6.0,960,0,Beta,month_hour,0.0,,1.0,
6.0,960,0,Beta,month_hour,0.0,,2.0,
6.0,960,0,Beta,month_hour,0.0,,3.0,
6.0,960,0,Beta,month_hour,0.0,,4.0,
6.0,960,0,Beta,month_hour,0.0,,5.0,
6.0,960,0,Beta,month_hour,0.0,,6.0,
6.0,960,0,Beta,month_hour,0.0,,7.0,
6.0,960,0,Beta,month_hour,0.0,,8.0,
6.0,960,0,Beta,month_hour,0.0,,9.0,
6.0,960,2,Beta,month_hour,0.20833333333333334,,10.0,
6.0,960,9,Beta,month_hour,0.9375,,11.0,
6.0,960,10,Beta,month_hour,1.0416666666666665,,12.0,
6.0,960,3,Beta,month_hour,0.3125,,13.0,
6.0,960,0,Beta,month_hour,0.0,,14.0,
6.0,960,0,Beta,month_hour,0.0,,15.0,
6.0,960,0,Beta,month_hour,0.0,,16.0,
6.0,960,0,Beta,month_hour,0.0,,17.0,
6.0,960,0,Beta,month_hour,0.0,,18.0,
6.0,960,0,Beta,month_hour,0.0,,19.0,
6.0,960,0,Beta,month_hour,0.0,,20.0,
6.0,960,0,Beta,month_hour,0.0,,21.0,
6.0,960,0,Beta,month_hour,0.0,,22.0,
6.0,960,0,Beta,month_hour,0.0,,23.0,
7.0,992,0,Beta,month_hour,0.0,,0.0,
7.0,992,0,Beta,month_hour,0.0,,1.0,
7.0,992,0,Beta,month_hour,0.0,,2.0,
7.0,992,0,Beta,month_hour,0.0,,3.0,
7.0,992,0,Beta,month_hour,0.0,,4.0,
7.0,992,0,Beta,month_hour,0.0,,5.0,
7.0,992,0,Beta,month_hour,0.0,,6.0,
7.0,992,0,Beta,month_hour,0.0,,7.0,
7.0,992,0,Beta,month_hour,0.0,,8.0,
7.0,992,0,Beta,month_hour,0.0,,9.0,
7.0,992,0,Beta,month_hour,0.0,,10.0,
7.0,992,6,Beta,month_hour,0.6048387096774194,,11.0,
7.0,992,11,Beta,month_hour,1.1088709677419355,,12.0,
7.0,992,9,Beta,month_hour,0.9072580645161291,,13.0,
7.0,992,5,Beta,month_hour,0.5040322580645161,,14.0,
7.0,992,0,Beta,month_hour,0.0,,15.0,
7.0,992,0,Beta,month_hour,0.0,,16.0,
7.0,992,0,Beta,month_hour,0.0,,17.0,
7.0,992,0,Beta,month_hour,0.0,,18.0,
7.0,992,0,Beta,month_hour,0.0,,19.0,
7.0,992,0,Beta,month_hour,0.0,,20.0,
7.0,992,0,Beta,month_hour,0.0,,21.0,
7.0,992,0,Beta,month_hour,0.0,,22.0,
7.0,992,0,Beta,month_hour,0.0,,23.0,
8.0,992,0,Beta,month_hour,0.0,,0.0,
8.0,992,0,Beta,month_hour,0.0,,1.0,
8.0,992,0,Beta,month_hour,0.0,,2.0,
8.0,992,0,Beta,month_hour,0.0,,3.0,
8.0,992,0,Beta,month_hour,0.0,,4.0,
8.0,992,0,Beta,month_hour,0.0,,5.0,
8.0,992,0,Beta,month_hour,0.0,,6.0,
8.0,992,0,Beta,month_hour,0.0,,7.0,
8.0,992,7,Beta,month_hour,0.7056451612903225,,8.0,
8.0,992,27,Beta,month_hour,2.721774193548387,,9.0,
8.0,992,41,Beta,month_hour,4.133064516129032,,10.0,
8.0,992,86,Beta,month_hour,8.669354838709678,,11.0,
8.0,992,102,Beta,month_hour,10.28225806451613,,12.0,
8.0,992,85,Beta,month_hour,8.568548387096774,,13.0,
8.0,992,25,Beta,month_hour,2.5201612903225805,,14.0,
8.0,992,17,Beta,month_hour,1.7137096774193548,,15.0,
8.0,992,2,Beta,month_hour,0.20161290322580644,,16.0,
8.0,992,0,Beta,month_hour,0.0,,17.0,
8.0,992,0,Beta,month_hour,0.0,,18.0,
8.0,992,0,Beta,month_hour,0.0,,19.0,
8.0,992,0,Beta,month_hour,0.0,,20.0,
8.0,992,0,Beta,month_hour,0.0,,21.0,
8.0,992,0,Beta,month_hour,0.0,,22.0,
8.0,992,0,Beta,month_hour,0.0,,23.0,
9.0,960,0,Beta,month_hour,0.0,,0.0,
9.0,960,0,Beta,month_hour,0.0,,1.0,
9.0,960,0,Beta,month_hour,0.0,,2.0,
9.0,960,0,Beta,month_hour,0.0,,3.0,
9.0,960,0,Beta,month_hour,0.0,,4.0,
9.0,960,0,Beta,month_hour,0.0,,5.0,
9.0,960,0,Beta,month_hour,0.0,,6.0,
9.0,960,1,Beta,month_hour,0.10416666666666667,,7.0,
9.0,960,72,Beta,month_hour,7.5,,8.0,
9.0,960,281,Beta,month_hour,29.270833333333336,,9.0,
9.0,960,385,Beta,month_hour,40.10416666666667,,10.0,
9.0,960,485,Beta,month_hour,50.520833333333336,,11.0,
9.0,960,499,Beta,month_hour,51.979166666666664,,12.0,
9.0,960,478,Beta,month_hour,49.791666666666664,,13.0,
9.0,960,336,Beta,month_hour,35.0,,14.0,
9.0,960,205,Beta,month_hour,21.354166666666664,,15.0,
9.0,960,12,Beta,month_hour,1.25,,16.0,
9.0,960,0,Beta,month_hour,0.0,,17.0,
9.0,960,0,Beta,month_hour,0.0,,18.0,
9.0,960,0,Beta,month_hour,0.0,,19.0,
9.0,960,0,Beta,month_hour,0.0,,20.0,
9.0,960,0,Beta,month_hour,0.0,,21.0,
9.0,960,0,Beta,month_hour,0.0,,22.0,
9.0,960,0,Beta,month_hour,0.0,,23.0,
10.0,992,0,Beta,month_hour,0.0,,0.0,
10.0,992,0,Beta,month_hour,0.0,,1.0,
10.0,992,0,Beta,month_hour,0.0,,2.0,
10.0,992,0,Beta,month_hour,0.0,,3.0,
10.0,992,0,Beta,month_hour,0.0,,4.0,
10.0,992,0,Beta,month_hour,0.0,,5.0,
10.0,992,0,Beta,month_hour,0.0,,6.0,
10.0,992,0,Beta,month_hour,0.0,,7.0,
10.0,992,20,Beta,month_hour,2.0161290322580645,,8.0,
10.0,992,226,Beta,month_hour,22.782258064516128,,9.0,
10.0,992,336,Beta,month_hour,33.87096774193548,,10.0,
10.0,992,424,Beta,month_hour,42.74193548387097,,11.0,
10.0,992,511,Beta,month_hour,51.51209677419355,,12.0,
10.0,992,511,Beta,month_hour,51.51209677419355,,13.0,
10.0,992,414,Beta,month_hour,41.733870967741936,,14.0,
10.0,992,264,Beta,month_hour,26.61290322580645,,15.0,
10.0,992,91,Beta,month_hour,9.173387096774194,,16.0,
10.0,992,2,Beta,month_hour,0.20161290322580644,,17.0,
10.0,992,0,Beta,month_hour,0.0,,18.0,
10.0,992,0,Beta,month_hour,0.0,,19.0,
10.0,992,0,Beta,month_hour,0.0,,20.0,
10.0,992,0,Beta,month_hour,0.0,,21.0,
10.0,992,0,Beta,month_hour,0.0,,22.0,
10.0,992,0,Beta,month_hour,0.0,,23.0,
11.0,960,0,Beta,month_hour,0.0,,0.0,
11.0,960,0,Beta,month_hour,0.0,,1.0,
11.0,960,0,Beta,month_hour,0.0,,2.0,
11.0,960,0,Beta,month_hour,0.0,,3.0,
11.0,960,0,Beta,month_hour,0.0,,4.0,
11.0,960,0,Beta,month_hour,0.0,,5.0,
11.0,960,0,Beta,month_hour,0.0,,6.0,
11.0,960,0,Beta,month_hour,0.0,,7.0,
11.0,960,8,Beta,month_hour,0.8333333333333334,,8.0,
11.0,960,102,Beta,month_hour,10.625,,9.0,
11.0,960,161,Beta,month_hour,16.770833333333332,,10.0,
11.0,960,220,Beta,month_hour,22.916666666666664,,11.0,
11.0,960,268,Beta,month_hour,27.916666666666668,,12.0,
11.0,960,280,Beta,month_hour,29.166666666666668,,13.0,
11.0,960,236,Beta,month_hour,24.583333333333332,,14.0,
11.0,960,140,Beta,month_hour,14.583333333333334,,15.0,
11.0,960,61,Beta,month_hour,6.354166666666666,,16.0,
11.0,960,0,Beta,month_hour,0.0,,17.0,
11.0,960,0,Beta,month_hour,0.0,,18.0,
11.0,960,0,Beta,month_hour,0.0,,19.0,
11.0,960,0,Beta,month_hour,0.0,,20.0,
11.0,960,0,Beta,month_hour,0.0,,21.0,
11.0,960,0,Beta,month_hour,0.0,,22.0,
11.0,960,0,Beta,month_hour,0.0,,23.0,
12.0,992,0,Beta,month_hour,0.0,,0.0,
12.0,992,0,Beta,month_hour,0.0,,1.0,
12.0,992,0,Beta,month_hour,0.0,,2.0,
12.0,992,0,Beta,month_hour,0.0,,3.0,
12.0,992,0,Beta,month_hour,0.0,,4.0,
12.0,992,0,Beta,month_hour,0.0,,5.0,
12.0,992,0,Beta,month_hour,0.0,,6.0,
12.0,992,0,Beta,month_hour,0.0,,7.0,
12.0,992,0,Beta,month_hour,0.0,,8.0,
12.0,992,22,Beta,month_hour,2.217741935483871,,9.0,
12.0,992,52,Beta,month_hour,5.241935483870968,,10.0,
12.0,992,67,Beta,month_hour,6.754032258064516,,11.0,
12.0,992,82,Beta,month_hour,8.266129032258064,,12.0,
12.0,992,71,Beta,month_hour,7.15725806451613,,13.0,
12.0,992,40,Beta,month_hour,4.032258064516129,,14.0,
12.0,992,12,Beta,month_hour,1.2096774193548387,,15.0,
12.0,992,1,Beta,month_hour,0.10080645161290322,,16.0,
12.0,992,0,Beta,month_hour,0.0,,17.0,
12.0,992,0,Beta,month_hour,0.0,,18.0,
12.0,992,0,Beta,month_hour,0.0,,19.0,
12.0,992,0,Beta,month_hour,0.0,,20.0,
12.0,992,0,Beta,month_hour,0.0,,21.0,
12.0,992,0,Beta,month_hour,0.0,,22.0,
12.0,992,0,Beta,month_hour,0.0,,23.0,
