dataset,month,day,valid_calendar_day,total_site_days,rpf_site_days,rpf_site_day_pct
Alpha,1,1,True,30.0,11.0,36.666666666666664
Alpha,1,2,True,30.0,10.0,33.33333333333333
Alpha,1,3,True,30.0,8.0,26.666666666666668
Alpha,1,4,True,30.0,6.0,20.0
Alpha,1,5,True,30.0,9.0,30.0
Alpha,1,6,True,30.0,12.0,40.0
Alpha,1,7,True,30.0,7.0,23.333333333333332
Alpha,1,8,True,30.0,7.0,23.333333333333332
Alpha,1,9,True,30.0,9.0,30.0
Alpha,1,10,True,30.0,8.0,26.666666666666668
Alpha,1,11,True,30.0,4.0,13.333333333333334
Alpha,1,12,True,30.0,7.0,23.333333333333332
Alpha,1,13,True,30.0,9.0,30.0
Alpha,1,14,True,30.0,8.0,26.666666666666668
Alpha,1,15,True,30.0,7.0,23.333333333333332
Alpha,1,16,True,30.0,6.0,20.0
Alpha,1,17,True,30.0,7.0,23.333333333333332
Alpha,1,18,True,30.0,4.0,13.333333333333334
Alpha,1,19,True,30.0,4.0,13.333333333333334
Alpha,1,20,True,30.0,12.0,40.0
Alpha,1,21,True,30.0,12.0,40.0
Alpha,1,22,True,30.0,9.0,30.0
Alpha,1,23,True,30.0,10.0,33.33333333333333
Alpha,1,24,True,30.0,10.0,33.33333333333333
Alpha,1,25,True,30.0,4.0,13.333333333333334
Alpha,1,26,True,30.0,3.0,10.0
Alpha,1,27,True,30.0,4.0,13.333333333333334
Alpha,1,28,True,30.0,3.0,10.0
Alpha,1,29,True,30.0,2.0,6.666666666666667
Alpha,1,30,True,30.0,0.0,0.0
Alpha,1,31,True,30.0,4.0,13.333333333333334
Alpha,2,1,True,30.0,7.0,23.333333333333332
Alpha,2,2,True,30.0,4.0,13.333333333333334
Alpha,2,3,True,30.0,8.0,26.666666666666668
Alpha,2,4,True,30.0,14.0,46.666666666666664
Alpha,2,5,True,30.0,11.0,36.666666666666664
Alpha,2,6,True,30.0,7.0,23.333333333333332
Alpha,2,7,True,30.0,7.0,23.333333333333332
Alpha,2,8,True,30.0,10.0,33.33333333333333
Alpha,2,9,True,30.0,9.0,30.0
Alpha,2,10,True,30.0,9.0,30.0
Alpha,2,11,True,30.0,3.0,10.0
Alpha,2,12,True,30.0,9.0,30.0
Alpha,2,13,True,30.0,10.0,33.33333333333333
Alpha,2,14,True,30.0,6.0,20.0
Alpha,2,15,True,30.0,7.0,23.333333333333332
Alpha,2,16,True,30.0,10.0,33.33333333333333
Alpha,2,17,True,30.0,9.0,30.0
Alpha,2,18,True,30.0,5.0,16.666666666666664
Alpha,2,19,True,30.0,3.0,10.0
Alpha,2,20,True,30.0,9.0,30.0
Alpha,2,21,True,30.0,8.0,26.666666666666668
Alpha,2,22,True,30.0,4.0,13.333333333333334
Alpha,2,23,True,30.0,6.0,20.0
Alpha,2,24,True,30.0,4.0,13.333333333333334
Alpha,2,25,True,30.0,12.0,40.0
Alpha,2,26,True,30.0,9.0,30.0
Alpha,2,27,True,30.0,4.0,13.333333333333334
Alpha,2,28,True,30.0,7.0,23.333333333333332
Alpha,2,29,True,10.0,0.0,0.0
Alpha,2,30,False,,,
Alpha,2,31,False,,,
Alpha,3,1,True,30.0,3.0,10.0
Alpha,3,2,True,30.0,6.0,20.0
Alpha,3,3,True,30.0,9.0,30.0
Alpha,3,4,True,30.0,7.0,23.333333333333332
Alpha,3,5,True,30.0,9.0,30.0
Alpha,3,6,True,30.0,4.0,13.333333333333334
Alpha,3,7,True,30.0,4.0,13.333333333333334
Alpha,3,8,True,30.0,9.0,30.0
Alpha,3,9,True,30.0,9.0,30.0
Alpha,3,10,True,30.0,12.0,40.0
Alpha,3,11,True,30.0,11.0,36.666666666666664
Alpha,3,12,True,30.0,11.0,36.666666666666664
Alpha,3,13,True,30.0,7.0,23.333333333333332
Alpha,3,14,True,30.0,8.0,26.666666666666668
Alpha,3,15,True,30.0,12.0,40.0
Alpha,3,16,True,30.0,12.0,40.0
Alpha,3,17,True,30.0,8.0,26.666666666666668
Alpha,3,18,True,30.0,5.0,16.666666666666664
Alpha,3,19,True,30.0,4.0,13.333333333333334
Alpha,3,20,True,30.0,4.0,13.333333333333334
Alpha,3,21,True,30.0,11.0,36.666666666666664
Alpha,3,22,True,30.0,13.0,43.333333333333336
Alpha,3,23,True,30.0,12.0,40.0
Alpha,3,24,True,30.0,11.0,36.666666666666664
Alpha,3,25,True,30.0,7.0,23.333333333333332
Alpha,3,26,True,30.0,9.0,30.0
Alpha,3,27,True,30.0,4.0,13.333333333333334
Alpha,3,28,True,30.0,4.0,13.333333333333334
Alpha,3,29,True,30.0,11.0,36.666666666666664
Alpha,3,30,True,30.0,11.0,36.666666666666664
Alpha,3,31,True,30.0,11.0,36.666666666666664
Alpha,4,1,True,30.0,12.0,40.0
Alpha,4,2,True,30.0,12.0,40.0
Alpha,4,3,True,30.0,14.0,46.666666666666664
Alpha,4,4,True,30.0,10.0,33.33333333333333
Alpha,4,5,True,30.0,9.0,30.0
Alpha,4,6,True,30.0,14.0,46.666666666666664
Alpha,4,7,True,30.0,12.0,40.0
Alpha,4,8,True,30.0,10.0,33.33333333333333
Alpha,4,9,True,30.0,13.0,43.333333333333336
Alpha,4,10,True,30.0,15.0,50.0
Alpha,4,11,True,30.0,13.0,43.333333333333336
Alpha,4,12,True,30.0,13.0,43.333333333333336
Alpha,4,13,True,30.0,11.0,36.666666666666664
Alpha,4,14,True,30.0,14.0,46.666666666666664
Alpha,4,15,True,30.0,14.0,46.666666666666664
Alpha,4,16,True,30.0,13.0,43.333333333333336
Alpha,4,17,True,30.0,15.0,50.0
Alpha,4,18,True,30.0,14.0,46.666666666666664
Alpha,4,19,True,30.0,11.0,36.666666666666664
Alpha,4,20,True,30.0,5.0,16.666666666666664
Alpha,4,21,True,30.0,14.0,46.666666666666664
Alpha,4,22,True,30.0,7.0,23.333333333333332
Alpha,4,23,True,30.0,11.0,36.666666666666664
Alpha,4,24,True,30.0,11.0,36.666666666666664
Alpha,4,25,True,30.0,13.0,43.333333333333336
Alpha,4,26,True,30.0,11.0,36.666666666666664
Alpha,4,27,True,30.0,12.0,40.0
Alpha,4,28,True,30.0,13.0,43.333333333333336
Alpha,4,29,True,30.0,11.0,36.666666666666664
Alpha,4,30,True,30.0,8.0,26.666666666666668
Alpha,4,31,False,,,
Alpha,5,1,True,30.0,6.0,20.0
Alpha,5,2,True,30.0,11.0,36.666666666666664
Alpha,5,3,True,30.0,15.0,50.0
Alpha,5,4,True,30.0,14.0,46.666666666666664
Alpha,5,5,True,30.0,9.0,30.0
Alpha,5,6,True,30.0,12.0,40.0
Alpha,5,7,True,30.0,10.0,33.33333333333333
Alpha,5,8,True,30.0,12.0,40.0
Alpha,5,9,True,30.0,11.0,36.666666666666664
Alpha,5,10,True,30.0,10.0,33.33333333333333
Alpha,5,11,True,30.0,5.0,16.666666666666664
Alpha,5,12,True,30.0,9.0,30.0
Alpha,5,13,True,30.0,4.0,13.333333333333334
Alpha,5,14,True,30.0,11.0,36.666666666666664
Alpha,5,15,True,30.0,6.0,20.0
Alpha,5,16,True,30.0,14.0,46.666666666666664
Alpha,5,17,True,30.0,10.0,33.33333333333333
Alpha,5,18,True,30.0,9.0,30.0
Alpha,5,19,True,30.0,12.0,40.0
Alpha,5,20,True,30.0,6.0,20.0
Alpha,5,21,True,30.0,3.0,10.0
Alpha,5,22,True,30.0,9.0,30.0
Alpha,5,23,True,30.0,8.0,26.666666666666668
Alpha,5,24,True,30.0,9.0,30.0
Alpha,5,25,True,30.0,6.0,20.0
Alpha,5,26,True,30.0,9.0,30.0
Alpha,5,27,True,30.0,8.0,26.666666666666668
Alpha,5,28,True,30.0,7.0,23.333333333333332
Alpha,5,29,True,30.0,8.0,26.666666666666668
Alpha,5,30,True,30.0,8.0,26.666666666666668
Alpha,5,31,True,30.0,5.0,16.666666666666664
Alpha,6,1,True,30.0,3.0,10.0
Alpha,6,2,True,30.0,1.0,3.3333333333333335
Alpha,6,3,True,30.0,6.0,20.0
Alpha,6,4,True,30.0,3.0,10.0
Alpha,6,5,True,30.0,6.0,20.0
Alpha,6,6,True,30.0,8.0,26.666666666666668
Alpha,6,7,True,30.0,6.0,20.0
Alpha,6,8,True,30.0,7.0,23.333333333333332
Alpha,6,9,True,30.0,9.0,30.0
Alpha,6,10,True,30.0,8.0,26.666666666666668
Alpha,6,11,True,30.0,6.0,20.0
Alpha,6,12,True,30.0,6.0,20.0
Alpha,6,13,True,30.0,3.0,10.0
Alpha,6,14,True,30.0,6.0,20.0
Alpha,6,15,True,30.0,4.0,13.333333333333334
Alpha,6,16,True,30.0,8.0,26.666666666666668
Alpha,6,17,True,30.0,7.0,23.333333333333332
Alpha,6,18,True,30.0,6.0,20.0
Alpha,6,19,True,30.0,6.0,20.0
Alpha,6,20,True,30.0,6.0,20.0
Alpha,6,21,True,30.0,7.0,23.333333333333332
Alpha,6,22,True,30.0,2.0,6.666666666666667
Alpha,6,23,True,30.0,4.0,13.333333333333334
Alpha,6,24,True,30.0,8.0,26.666666666666668
Alpha,6,25,True,30.0,7.0,23.333333333333332
Alpha,6,26,True,30.0,6.0,20.0
Alpha,6,27,True,30.0,8.0,26.666666666666668
Alpha,6,28,True,30.0,4.0,13.333333333333334
Alpha,6,29,True,30.0,5.0,16.666666666666664
Alpha,6,30,True,30.0,3.0,10.0
Alpha,6,31,False,,,
Alpha,7,1,True,30.0,3.0,10.0
Alpha,7,2,True,30.0,3.0,10.0
Alpha,7,3,True,30.0,2.0,6.666666666666667
Alpha,7,4,True,30.0,3.0,10.0
Alpha,7,5,True,30.0,6.0,20.0
Alpha,7,6,True,30.0,4.0,13.333333333333334
Alpha,7,7,True,30.0,6.0,20.0
Alpha,7,8,True,30.0,4.0,13.333333333333334
Alpha,7,9,True,30.0,3.0,10.0
Alpha,7,10,True,30.0,8.0,26.666666666666668
Alpha,7,11,True,30.0,9.0,30.0
Alpha,7,12,True,30.0,5.0,16.666666666666664
Alpha,7,13,True,30.0,7.0,23.333333333333332
Alpha,7,14,True,30.0,9.0,30.0
Alpha,7,15,True,30.0,8.0,26.666666666666668
Alpha,7,16,True,30.0,0.0,0.0
Alpha,7,17,True,30.0,6.0,20.0
Alpha,7,18,True,30.0,9.0,30.0
Alpha,7,19,True,30.0,5.0,16.666666666666664
Alpha,7,20,True,30.0,9.0,30.0
Alpha,7,21,True,30.0,8.0,26.666666666666668
Alpha,7,22,True,30.0,8.0,26.666666666666668
Alpha,7,23,True,30.0,6.0,20.0
Alpha,7,24,True,30.0,5.0,16.666666666666664
Alpha,7,25,True,30.0,11.0,36.666666666666664
Alpha,7,26,True,30.0,11.0,36.666666666666664
Alpha,7,27,True,30.0,7.0,23.333333333333332
Alpha,7,28,True,30.0,12.0,40.0
Alpha,7,29,True,30.0,11.0,36.666666666666664
Alpha,7,30,True,30.0,9.0,30.0
Alpha,7,31,True,30.0,8.0,26.666666666666668
Alpha,8,1,True,30.0,7.0,23.333333333333332
Alpha,8,2,True,30.0,12.0,40.0
Alpha,8,3,True,30.0,10.0,33.33333333333333
Alpha,8,4,True,30.0,7.0,23.333333333333332
Alpha,8,5,True,30.0,6.0,20.0
Alpha,8,6,True,30.0,8.0,26.666666666666668
Alpha,8,7,True,30.0,7.0,23.333333333333332
Alpha,8,8,True,30.0,11.0,36.666666666666664
Alpha,8,9,True,30.0,11.0,36.666666666666664
Alpha,8,10,True,30.0,8.0,26.666666666666668
Alpha,8,11,True,30.0,7.0,23.333333333333332
Alpha,8,12,True,30.0,6.0,20.0
Alpha,8,13,True,30.0,8.0,26.666666666666668
Alpha,8,14,True,30.0,4.0,13.333333333333334
Alpha,8,15,True,30.0,9.0,30.0
Alpha,8,16,True,30.0,13.0,43.333333333333336
Alpha,8,17,True,30.0,16.0,53.333333333333336
Alpha,8,18,True,30.0,16.0,53.333333333333336
Alpha,8,19,True,30.0,16.0,53.333333333333336
Alpha,8,20,True,30.0,16.0,53.333333333333336
Alpha,8,21,True,30.0,15.0,50.0
Alpha,8,22,True,30.0,15.0,50.0
Alpha,8,23,True,30.0,14.0,46.666666666666664
Alpha,8,24,True,30.0,16.0,53.333333333333336
Alpha,8,25,True,30.0,9.0,30.0
Alpha,8,26,True,30.0,11.0,36.666666666666664
Alpha,8,27,True,30.0,16.0,53.333333333333336
Alpha,8,28,True,30.0,16.0,53.333333333333336
Alpha,8,29,True,30.0,14.0,46.666666666666664
Alpha,8,30,True,30.0,13.0,43.333333333333336
Alpha,8,31,True,30.0,16.0,53.333333333333336
Alpha,9,1,True,30.0,15.0,50.0
Alpha,9,2,True,30.0,11.0,36.666666666666664
Alpha,9,3,True,30.0,11.0,36.666666666666664
Alpha,9,4,True,30.0,12.0,40.0
Alpha,9,5,True,30.0,16.0,53.333333333333336
Alpha,9,6,True,30.0,12.0,40.0
Alpha,9,7,True,30.0,15.0,50.0
Alpha,9,8,True,30.0,12.0,40.0
Alpha,9,9,True,30.0,16.0,53.333333333333336
Alpha,9,10,True,30.0,16.0,53.333333333333336
Alpha,9,11,True,30.0,16.0,53.333333333333336
Alpha,9,12,True,30.0,15.0,50.0
Alpha,9,13,True,30.0,11.0,36.666666666666664
Alpha,9,14,True,30.0,16.0,53.333333333333336
Alpha,9,15,True,30.0,9.0,30.0
Alpha,9,16,True,30.0,16.0,53.333333333333336
Alpha,9,17,True,30.0,18.0,60.0
Alpha,9,18,True,30.0,17.0,56.666666666666664
Alpha,9,19,True,30.0,16.0,53.333333333333336
Alpha,9,20,True,30.0,16.0,53.333333333333336
Alpha,9,21,True,30.0,16.0,53.333333333333336
Alpha,9,22,True,30.0,13.0,43.333333333333336
Alpha,9,23,True,30.0,14.0,46.666666666666664
Alpha,9,24,True,30.0,15.0,50.0
Alpha,9,25,True,30.0,16.0,53.333333333333336
Alpha,9,26,True,30.0,10.0,33.33333333333333
Alpha,9,27,True,30.0,12.0,40.0
Alpha,9,28,True,27.0,12.0,44.44444444444444
Alpha,9,29,True,30.0,11.0,36.666666666666664
Alpha,9,30,True,26.0,3.0,11.538461538461538
Alpha,9,31,False,,,
Alpha,10,1,True,20.0,10.0,50.0
Alpha,10,2,True,20.0,12.0,60.0
Alpha,10,3,True,20.0,11.0,55.00000000000001
Alpha,10,4,True,20.0,10.0,50.0
Alpha,10,5,True,20.0,6.0,30.0
Alpha,10,6,True,20.0,6.0,30.0
Alpha,10,7,True,20.0,7.0,35.0
Alpha,10,8,True,20.0,7.0,35.0
Alpha,10,9,True,20.0,8.0,40.0
Alpha,10,10,True,20.0,10.0,50.0
Alpha,10,11,True,20.0,11.0,55.00000000000001
Alpha,10,12,True,20.0,10.0,50.0
Alpha,10,13,True,20.0,10.0,50.0
Alpha,10,14,True,20.0,11.0,55.00000000000001
Alpha,10,15,True,20.0,12.0,60.0
Alpha,10,16,True,20.0,12.0,60.0
Alpha,10,17,True,20.0,9.0,45.0
Alpha,10,18,True,20.0,11.0,55.00000000000001
Alpha,10,19,True,20.0,9.0,45.0
Alpha,10,20,True,20.0,8.0,40.0
Alpha,10,21,True,20.0,11.0,55.00000000000001
Alpha,10,22,True,20.0,6.0,30.0
Alpha,10,23,True,20.0,10.0,50.0
Alpha,10,24,True,20.0,7.0,35.0
Alpha,10,25,True,20.0,10.0,50.0
Alpha,10,26,True,20.0,5.0,25.0
Alpha,10,27,True,20.0,10.0,50.0
Alpha,10,28,True,20.0,11.0,55.00000000000001
Alpha,10,29,True,20.0,12.0,60.0
Alpha,10,30,True,20.0,11.0,55.00000000000001
Alpha,10,31,True,20.0,9.0,45.0
Alpha,11,1,True,30.0,14.0,46.666666666666664
Alpha,11,2,True,30.0,15.0,50.0
Alpha,11,3,True,30.0,14.0,46.666666666666664
Alpha,11,4,True,30.0,9.0,30.0
Alpha,11,5,True,30.0,7.0,23.333333333333332
Alpha,11,6,True,30.0,14.0,46.666666666666664
Alpha,11,7,True,30.0,12.0,40.0
Alpha,11,8,True,30.0,14.0,46.666666666666664
Alpha,11,9,True,30.0,15.0,50.0
Alpha,11,10,True,30.0,10.0,33.33333333333333
Alpha,11,11,True,30.0,11.0,36.666666666666664
Alpha,11,12,True,30.0,14.0,46.666666666666664
Alpha,11,13,True,30.0,11.0,36.666666666666664
Alpha,11,14,True,30.0,15.0,50.0
Alpha,11,15,True,30.0,14.0,46.666666666666664
Alpha,11,16,True,30.0,14.0,46.666666666666664
Alpha,11,17,True,30.0,15.0,50.0
Alpha,11,18,True,30.0,15.0,50.0
Alpha,11,19,True,30.0,12.0,40.0
Alpha,11,20,True,30.0,9.0,30.0
Alpha,11,21,True,30.0,10.0,33.33333333333333
Alpha,11,22,True,30.0,12.0,40.0
Alpha,11,23,True,30.0,11.0,36.666666666666664
Alpha,11,24,True,30.0,12.0,40.0
Alpha,11,25,True,30.0,8.0,26.666666666666668
Alpha,11,26,True,30.0,11.0,36.666666666666664
Alpha,11,27,True,30.0,10.0,33.33333333333333
Alpha,11,28,True,30.0,7.0,23.333333333333332
Alpha,11,29,True,30.0,12.0,40.0
Alpha,11,30,True,30.0,9.0,30.0
Alpha,11,31,False,,,
Alpha,12,1,True,30.0,11.0,36.666666666666664
Alpha,12,2,True,30.0,13.0,43.333333333333336
Alpha,12,3,True,30.0,14.0,46.666666666666664
Alpha,12,4,True,30.0,10.0,33.33333333333333
Alpha,12,5,True,30.0,11.0,36.666666666666664
Alpha,12,6,True,30.0,11.0,36.666666666666664
Alpha,12,7,True,30.0,13.0,43.333333333333336
Alpha,12,8,True,30.0,9.0,30.0
Alpha,12,9,True,30.0,9.0,30.0
Alpha,12,10,True,30.0,13.0,43.333333333333336
Alpha,12,11,True,30.0,13.0,43.333333333333336
Alpha,12,12,True,30.0,11.0,36.666666666666664
Alpha,12,13,True,30.0,13.0,43.333333333333336
Alpha,12,14,True,30.0,9.0,30.0
Alpha,12,15,True,30.0,11.0,36.666666666666664
Alpha,12,16,True,30.0,8.0,26.666666666666668
Alpha,12,17,True,30.0,12.0,40.0
Alpha,12,18,True,30.0,9.0,30.0
Alpha,12,19,True,30.0,5.0,16.666666666666664
Alpha,12,20,True,30.0,5.0,16.666666666666664
Alpha,12,21,True,30.0,8.0,26.666666666666668
Alpha,12,22,True,30.0,11.0,36.666666666666664
Alpha,12,23,True,30.0,11.0,36.666666666666664
Alpha,12,24,True,30.0,9.0,30.0
Alpha,12,25,True,30.0,9.0,30.0
Alpha,12,26,True,30.0,9.0,30.0
Alpha,12,27,True,30.0,11.0,36.666666666666664
Alpha,12,28,True,30.0,15.0,50.0
Alpha,12,29,True,30.0,9.0,30.0
Alpha,12,30,True,30.0,14.0,46.666666666666664
Alpha,12,31,True,30.0,8.0,26.666666666666668
Beta,1,1,True,8.0,1.0,12.5
Beta,1,2,True,8.0,1.0,12.5
Beta,1,3,True,8.0,1.0,12.5
Beta,1,4,True,8.0,0.0,0.0
Beta,1,5,True,8.0,0.0,0.0
Beta,1,6,True,8.0,1.0,12.5
Beta,1,7,True,8.0,1.0,12.5
Beta,1,8,True,8.0,0.0,0.0
Beta,1,9,True,8.0,0.0,0.0
Beta,1,10,True,8.0,0.0,0.0
Beta,1,11,True,8.0,0.0,0.0
Beta,1,12,True,8.0,1.0,12.5
Beta,1,13,True,8.0,1.0,12.5
Beta,1,14,True,8.0,0.0,0.0
Beta,1,15,True,8.0,0.0,0.0
Beta,1,16,True,8.0,0.0,0.0
Beta,1,17,True,8.0,0.0,0.0
Beta,1,18,True,8.0,0.0,0.0
Beta,1,19,True,8.0,1.0,12.5
Beta,1,20,True,8.0,0.0,0.0
Beta,1,21,True,8.0,0.0,0.0
Beta,1,22,True,8.0,0.0,0.0
Beta,1,23,True,8.0,0.0,0.0
Beta,1,24,True,8.0,2.0,25.0
Beta,1,25,True,8.0,0.0,0.0
Beta,1,26,True,8.0,0.0,0.0
Beta,1,27,True,8.0,0.0,0.0
Beta,1,28,True,8.0,1.0,12.5
Beta,1,29,True,8.0,1.0,12.5
Beta,1,30,True,8.0,0.0,0.0
Beta,1,31,True,8.0,0.0,0.0
Beta,2,1,True,8.0,0.0,0.0
Beta,2,2,True,8.0,0.0,0.0
Beta,2,3,True,8.0,1.0,12.5
Beta,2,4,True,8.0,0.0,0.0
Beta,2,5,True,8.0,0.0,0.0
Beta,2,6,True,8.0,0.0,0.0
Beta,2,7,True,8.0,0.0,0.0
Beta,2,8,True,8.0,0.0,0.0
Beta,2,9,True,8.0,0.0,0.0
Beta,2,10,True,8.0,1.0,12.5
Beta,2,11,True,8.0,0.0,0.0
Beta,2,12,True,8.0,1.0,12.5
Beta,2,13,True,8.0,2.0,25.0
Beta,2,14,True,8.0,0.0,0.0
Beta,2,15,True,8.0,0.0,0.0
Beta,2,16,True,8.0,0.0,0.0
Beta,2,17,True,8.0,1.0,12.5
Beta,2,18,True,8.0,0.0,0.0
Beta,2,19,True,8.0,0.0,0.0
Beta,2,20,True,8.0,0.0,0.0
Beta,2,21,True,8.0,2.0,25.0
Beta,2,22,True,8.0,1.0,12.5
Beta,2,23,True,8.0,0.0,0.0
Beta,2,24,True,8.0,0.0,0.0
Beta,2,25,True,8.0,1.0,12.5
Beta,2,26,True,8.0,1.0,12.5
Beta,2,27,True,8.0,0.0,0.0
Beta,2,28,True,8.0,2.0,25.0
Beta,2,29,True,8.0,0.0,0.0
Beta,2,30,False,,,
Beta,2,31,False,,,
Beta,3,1,True,8.0,0.0,0.0
Beta,3,2,True,8.0,0.0,0.0
Beta,3,3,True,8.0,1.0,12.5
Beta,3,4,True,8.0,0.0,0.0
Beta,3,5,True,8.0,2.0,25.0
Beta,3,6,True,8.0,2.0,25.0
Beta,3,7,True,8.0,2.0,25.0
Beta,3,8,True,8.0,1.0,12.5
Beta,3,9,True,8.0,2.0,25.0
Beta,3,10,True,8.0,1.0,12.5
Beta,3,11,True,8.0,2.0,25.0
Beta,3,12,True,8.0,2.0,25.0
Beta,3,13,True,8.0,0.0,0.0
Beta,3,14,True,8.0,3.0,37.5
Beta,3,15,True,8.0,0.0,0.0
Beta,3,16,True,8.0,0.0,0.0
Beta,3,17,True,8.0,0.0,0.0
Beta,3,18,True,8.0,0.0,0.0
Beta,3,19,True,8.0,2.0,25.0
Beta,3,20,True,8.0,1.0,12.5
Beta,3,21,True,8.0,1.0,12.5
Beta,3,22,True,8.0,2.0,25.0
Beta,3,23,True,8.0,2.0,25.0
Beta,3,24,True,8.0,2.0,25.0
Beta,3,25,True,8.0,2.0,25.0
Beta,3,26,True,8.0,3.0,37.5
Beta,3,27,True,8.0,1.0,12.5
Beta,3,28,True,8.0,1.0,12.5
Beta,3,29,True,8.0,2.0,25.0
Beta,3,30,True,8.0,3.0,37.5
Beta,3,31,True,8.0,1.0,12.5
Beta,4,1,True,8.0,3.0,37.5
Beta,4,2,True,8.0,0.0,0.0
Beta,4,3,True,8.0,4.0,50.0
Beta,4,4,True,8.0,0.0,0.0
Beta,4,5,True,8.0,0.0,0.0
Beta,4,6,True,8.0,3.0,37.5
Beta,4,7,True,8.0,3.0,37.5
Beta,4,8,True,8.0,2.0,25.0
Beta,4,9,True,8.0,2.0,25.0
Beta,4,10,True,8.0,3.0,37.5
Beta,4,11,True,8.0,5.0,62.5
Beta,4,12,True,8.0,3.0,37.5
Beta,4,13,True,8.0,2.0,25.0
Beta,4,14,True,8.0,3.0,37.5
Beta,4,15,True,8.0,3.0,37.5
Beta,4,16,True,8.0,2.0,25.0
Beta,4,17,True,8.0,1.0,12.5
Beta,4,18,True,8.0,1.0,12.5
Beta,4,19,True,8.0,3.0,37.5
Beta,4,20,True,8.0,0.0,0.0
Beta,4,21,True,8.0,1.0,12.5
Beta,4,22,True,8.0,3.0,37.5
Beta,4,23,True,8.0,3.0,37.5
Beta,4,24,True,8.0,0.0,0.0
Beta,4,25,True,8.0,1.0,12.5
Beta,4,26,True,8.0,2.0,25.0
Beta,4,27,True,8.0,4.0,50.0
Beta,4,28,True,8.0,3.0,37.5
Beta,4,29,True,8.0,3.0,37.5
Beta,4,30,True,8.0,0.0,0.0
Beta,4,31,False,,,
Beta,5,1,True,8.0,0.0,0.0
Beta,5,2,True,8.0,0.0,0.0
Beta,5,3,True,8.0,0.0,0.0
Beta,5,4,True,8.0,0.0,0.0
Beta,5,5,True,8.0,0.0,0.0
Beta,5,6,True,8.0,0.0,0.0
Beta,5,7,True,8.0,0.0,0.0
Beta,5,8,True,8.0,0.0,0.0
Beta,5,9,True,8.0,1.0,12.5
Beta,5,10,True,8.0,0.0,0.0
Beta,5,11,True,8.0,0.0,0.0
Beta,5,12,True,8.0,0.0,0.0
Beta,5,13,True,8.0,0.0,0.0
Beta,5,14,True,8.0,3.0,37.5
Beta,5,15,True,8.0,3.0,37.5
Beta,5,16,True,8.0,2.0,25.0
Beta,5,17,True,8.0,3.0,37.5
Beta,5,18,True,8.0,0.0,0.0
Beta,5,19,True,8.0,0.0,0.0
Beta,5,20,True,8.0,0.0,0.0
Beta,5,21,True,8.0,0.0,0.0
Beta,5,22,True,8.0,2.0,25.0
Beta,5,23,True,8.0,2.0,25.0
Beta,5,24,True,8.0,2.0,25.0
Beta,5,25,True,8.0,0.0,0.0
Beta,5,26,True,8.0,2.0,25.0
Beta,5,27,True,8.0,2.0,25.0
Beta,5,28,True,8.0,2.0,25.0
Beta,5,29,True,8.0,2.0,25.0
Beta,5,30,True,8.0,2.0,25.0
Beta,5,31,True,8.0,0.0,0.0
Beta,6,1,True,8.0,0.0,0.0
Beta,6,2,True,8.0,0.0,0.0
Beta,6,3,True,8.0,0.0,0.0
Beta,6,4,True,8.0,0.0,0.0
Beta,6,5,True,8.0,0.0,0.0
Beta,6,6,True,8.0,0.0,0.0
Beta,6,7,True,8.0,0.0,0.0
Beta,6,8,True,8.0,0.0,0.0
Beta,6,9,True,8.0,0.0,0.0
Beta,6,10,True,8.0,0.0,0.0
Beta,6,11,True,8.0,0.0,0.0
Beta,6,12,True,8.0,0.0,0.0
Beta,6,13,True,8.0,1.0,12.5
Beta,6,14,True,8.0,0.0,0.0
Beta,6,15,True,8.0,0.0,0.0
Beta,6,16,True,8.0,0.0,0.0
Beta,6,17,True,8.0,0.0,0.0
Beta,6,18,True,8.0,0.0,0.0
Beta,6,19,True,8.0,0.0,0.0
Beta,6,20,True,8.0,1.0,12.5
Beta,6,21,True,8.0,0.0,0.0
Beta,6,22,True,8.0,0.0,0.0
Beta,6,23,True,8.0,0.0,0.0
Beta,6,24,True,8.0,1.0,12.5
Beta,6,25,True,8.0,0.0,0.0
Beta,6,26,True,8.0,0.0,0.0
Beta,6,27,True,8.0,0.0,0.0
Beta,6,28,True,8.0,0.0,0.0
Beta,6,29,True,8.0,0.0,0.0
Beta,6,30,True,8.0,0.0,0.0
Beta,6,31,False,,,
Beta,7,1,True,8.0,0.0,0.0
Beta,7,2,True,8.0,0.0,0.0
Beta,7,3,True,8.0,0.0,0.0
Beta,7,4,True,8.0,1.0,12.5
Beta,7,5,True,8.0,0.0,0.0
Beta,7,6,True,8.0,0.0,0.0
Beta,7,7,True,8.0,0.0,0.0
Beta,7,8,True,8.0,0.0,0.0
Beta,7,9,True,8.0,0.0,0.0
Beta,7,10,True,8.0,0.0,0.0
Beta,7,11,True,8.0,0.0,0.0
Beta,7,12,True,8.0,0.0,0.0
Beta,7,13,True,8.0,0.0,0.0
Beta,7,14,True,8.0,0.0,0.0
Beta,7,15,True,8.0,0.0,0.0
Beta,7,16,True,8.0,0.0,0.0
Beta,7,17,True,8.0,0.0,0.0
Beta,7,18,True,8.0,0.0,0.0
Beta,7,19,True,8.0,0.0,0.0
Beta,7,20,True,8.0,0.0,0.0
Beta,7,21,True,8.0,1.0,12.5
Beta,7,22,True,8.0,0.0,0.0
Beta,7,23,True,8.0,0.0,0.0
Beta,7,24,True,8.0,0.0,0.0
Beta,7,25,True,8.0,0.0,0.0
Beta,7,26,True,8.0,0.0,0.0
Beta,7,27,True,8.0,0.0,0.0
Beta,7,28,True,8.0,1.0,12.5
Beta,7,29,True,8.0,0.0,0.0
Beta,7,30,True,8.0,0.0,0.0
Beta,7,31,True,8.0,0.0,0.0
Beta,8,1,True,8.0,0.0,0.0
Beta,8,2,True,8.0,0.0,0.0
Beta,8,3,True,8.0,2.0,25.0
Beta,8,4,True,8.0,0.0,0.0
Beta,8,5,True,8.0,0.0,0.0
Beta,8,6,True,8.0,0.0,0.0
Beta,8,7,True,8.0,0.0,0.0
Beta,8,8,True,8.0,0.0,0.0
Beta,8,9,True,8.0,0.0,0.0
Beta,8,10,True,8.0,0.0,0.0
Beta,8,11,True,8.0,0.0,0.0
Beta,8,12,True,8.0,0.0,0.0
Beta,8,13,True,8.0,0.0,0.0
Beta,8,14,True,8.0,0.0,0.0
Beta,8,15,True,8.0,0.0,0.0
Beta,8,16,True,8.0,0.0,0.0
Beta,8,17,True,8.0,0.0,0.0
Beta,8,18,True,8.0,0.0,0.0
Beta,8,19,True,8.0,0.0,0.0
Beta,8,20,True,8.0,0.0,0.0
Beta,8,21,True,8.0,2.0,25.0
Beta,8,22,True,8.0,1.0,12.5
Beta,8,23,True,8.0,2.0,25.0
Beta,8,24,True,8.0,0.0,0.0
Beta,8,25,True,8.0,0.0,0.0
Beta,8,26,True,8.0,4.0,50.0
Beta,8,27,True,8.0,3.0,37.5
Beta,8,28,True,8.0,2.0,25.0
Beta,8,29,True,8.0,3.0,37.5
Beta,8,30,True,8.0,3.0,37.5
Beta,8,31,True,8.0,4.0,50.0
Beta,9,1,True,8.0,4.0,50.0
Beta,9,2,True,8.0,6.0,75.0
Beta,9,3,True,8.0,7.0,87.5
Beta,9,4,True,8.0,7.0,87.5
Beta,9,5,True,8.0,6.0,75.0
Beta,9,6,True,8.0,5.0,62.5
Beta,9,7,True,8.0,5.0,62.5
Beta,9,8,True,8.0,1.0,12.5
Beta,9,9,True,8.0,2.0,25.0
Beta,9,10,True,8.0,6.0,75.0
Beta,9,11,True,8.0,7.0,87.5
Beta,9,12,True,8.0,1.0,12.5
Beta,9,13,True,8.0,2.0,25.0
Beta,9,14,True,8.0,6.0,75.0
Beta,9,15,True,8.0,3.0,37.5
Beta,9,16,True,8.0,6.0,75.0
Beta,9,17,True,8.0,7.0,87.5
Beta,9,18,True,8.0,7.0,87.5
Beta,9,19,True,8.0,4.0,50.0
Beta,9,20,True,8.0,7.0,87.5
Beta,9,21,True,8.0,7.0,87.5
Beta,9,22,True,8.0,6.0,75.0
Beta,9,23,True,8.0,8.0,100.0
Beta,9,24,True,8.0,3.0,37.5
Beta,9,25,True,8.0,2.0,25.0
Beta,9,26,True,8.0,0.0,0.0
Beta,9,27,True,8.0,0.0,0.0
Beta,9,28,True,8.0,1.0,12.5
Beta,9,29,True,8.0,1.0,12.5
Beta,9,30,True,8.0,2.0,25.0
Beta,9,31,False,,,
Beta,10,1,True,8.0,3.0,37.5
Beta,10,2,True,8.0,3.0,37.5
Beta,10,3,True,8.0,4.0,50.0
Beta,10,4,True,8.0,1.0,12.5
Beta,10,5,True,8.0,6.0,75.0
Beta,10,6,True,8.0,5.0,62.5
Beta,10,7,True,8.0,5.0,62.5
Beta,10,8,True,8.0,5.0,62.5
Beta,10,9,True,8.0,5.0,62.5
Beta,10,10,True,8.0,5.0,62.5
Beta,10,11,True,8.0,5.0,62.5
Beta,10,12,True,8.0,5.0,62.5
Beta,10,13,True,8.0,5.0,62.5
Beta,10,14,True,8.0,6.0,75.0
Beta,10,15,True,8.0,5.0,62.5
Beta,10,16,True,8.0,5.0,62.5
Beta,10,17,True,8.0,4.0,50.0
Beta,10,18,True,8.0,5.0,62.5
Beta,10,19,True,8.0,6.0,75.0
Beta,10,20,True,8.0,5.0,62.5
Beta,10,21,True,8.0,4.0,50.0
Beta,10,22,True,8.0,4.0,50.0
Beta,10,23,True,8.0,5.0,62.5
Beta,10,24,True,8.0,5.0,62.5
Beta,10,25,True,8.0,4.0,50.0
Beta,10,26,True,8.0,0.0,0.0
Beta,10,27,True,8.0,2.0,25.0
Beta,10,28,True,8.0,2.0,25.0
Beta,10,29,True,8.0,6.0,75.0
Beta,10,30,True,8.0,5.0,62.5
Beta,10,31,True,8.0,6.0,75.0
Beta,11,1,True,8.0,3.0,37.5
Beta,11,2,True,8.0,4.0,50.0
Beta,11,3,True,8.0,3.0,37.5
Beta,11,4,True,8.0,2.0,25.0
Beta,11,5,True,8.0,1.0,12.5
Beta,11,6,True,8.0,0.0,0.0
Beta,11,7,True,8.0,5.0,62.5
Beta,11,8,True,8.0,4.0,50.0
Beta,11,9,True,8.0,4.0,50.0
Beta,11,10,True,8.0,5.0,62.5
Beta,11,11,True,8.0,4.0,50.0
Beta,11,12,True,8.0,2.0,25.0
Beta,11,13,True,8.0,2.0,25.0
Beta,11,14,True,8.0,5.0,62.5
Beta,11,15,True,8.0,3.0,37.5
Beta,11,16,True,8.0,4.0,50.0
Beta,11,17,True,8.0,5.0,62.5
Beta,11,18,True,8.0,6.0,75.0
Beta,11,19,True,8.0,6.0,75.0
Beta,11,20,True,8.0,0.0,0.0
Beta,11,21,True,8.0,2.0,25.0
Beta,11,22,True,8.0,3.0,37.5
Beta,11,23,True,8.0,0.0,0.0
Beta,11,24,True,8.0,0.0,0.0
Beta,11,25,True,8.0,0.0,0.0
Beta,11,26,True,8.0,2.0,25.0
Beta,11,27,True,8.0,2.0,25.0
Beta,11,28,True,8.0,0.0,0.0
Beta,11,29,True,8.0,0.0,0.0
Beta,11,30,True,8.0,1.0,12.5
Beta,11,31,False,,,
Beta,12,1,True,8.0,0.0,0.0
Beta,12,2,True,8.0,0.0,0.0
Beta,12,3,True,8.0,1.0,12.5
Beta,12,4,True,8.0,1.0,12.5
Beta,12,5,True,8.0,1.0,12.5
Beta,12,6,True,8.0,1.0,12.5
Beta,12,7,True,8.0,2.0,25.0
Beta,12,8,True,8.0,0.0,0.0
Beta,12,9,True,8.0,0.0,0.0
Beta,12,10,True,8.0,0.0,0.0
Beta,12,11,True,8.0,1.0,12.5
Beta,12,12,True,8.0,1.0,12.5
Beta,12,13,True,8.0,1.0,12.5
Beta,12,14,True,8.0,0.0,0.0
Beta,12,15,True,8.0,1.0,12.5
Beta,12,16,True,8.0,1.0,12.5
Beta,12,17,True,8.0,0.0,0.0
Beta,12,18,True,8.0,0.0,0.0
Beta,12,19,True,8.0,0.0,0.0
Beta,12,20,True,8.0,0.0,0.0
Beta,12,21,True,8.0,0.0,0.0
Beta,12,22,True,8.0,2.0,25.0
Beta,12,23,True,8.0,2.0,25.0
Beta,12,24,True,8.0,1.0,12.5
Beta,12,25,True,8.0,4.0,50.0
Beta,12,26,True,8.0,1.0,12.5
Beta,12,27,True,8.0,1.0,12.5
Beta,12,28,True,8.0,0.0,0.0
Beta,12,29,True,8.0,1.0,12.5
Beta,12,30,True,8.0,2.0,25.0
Beta,12,31,True,8.0,0.0,0.0
