regime,confidence_scope,aggregation,substation_id,support,positive_support,tp,fp,fn,tn,precision,recall,f1
beta_only,beta_sure,pooled,,2310,471,394,79,77,1760,0.8329809725158562,0.8365180467091295,0.8347457627118645
beta_only,beta_sure,substation,beta_A,337,26,26,30,0,281,0.4642857142857143,1.0,0.6341463414634146
beta_only,beta_sure,substation,beta_B,231,125,90,2,35,104,0.9782608695652174,0.72,0.8294930875576035
beta_only,beta_sure,substation,beta_C,339,0,0,0,0,339,0.0,0.0,0.0
beta_only,beta_sure,substation,beta_D,188,45,42,20,3,123,0.6774193548387096,0.9333333333333333,0.7850467289719625
beta_only,beta_sure,substation,beta_E,308,21,19,3,2,284,0.8636363636363636,0.9047619047619048,0.8837209302325582
beta_only,beta_sure,substation,beta_F,287,165,156,14,9,108,0.9176470588235294,0.9454545454545454,0.9313432835820895
beta_only,beta_sure,substation,beta_G,283,85,60,9,25,189,0.8695652173913043,0.7058823529411765,0.7792207792207793
beta_only,beta_sure,substation,beta_H,337,4,1,1,3,332,0.5,0.25,0.3333333333333333
beta_only,beta_sure,macro_substation,,2310,471,394,79,77,1760,0.6588518223176048,0.68242901706137,0.6470380605452176
beta_only,beta_all,pooled,,2928,630,476,199,154,2099,0.7051851851851851,0.7555555555555555,0.7295019157088123
beta_only,beta_all,substation,beta_A,366,29,29,41,0,296,0.4142857142857143,1.0,0.5858585858585859
beta_only,beta_all,substation,beta_B,366,152,103,19,49,195,0.8442622950819673,0.6776315789473685,0.7518248175182481
beta_only,beta_all,substation,beta_C,366,13,0,0,13,353,0.0,0.0,0.0
beta_only,beta_all,substation,beta_D,366,76,63,65,13,225,0.4921875,0.8289473684210527,0.6176470588235294
beta_only,beta_all,substation,beta_E,366,44,33,14,11,308,0.7021276595744681,0.75,0.7252747252747254
beta_only,beta_all,substation,beta_F,366,184,170,43,14,139,0.7981220657276995,0.9239130434782609,0.8564231738035264
beta_only,beta_all,substation,beta_G,366,117,74,14,43,235,0.8409090909090909,0.6324786324786325,0.7219512195121951
beta_only,beta_all,substation,beta_H,366,15,4,3,11,348,0.5714285714285714,0.26666666666666666,0.36363636363636365
beta_only,beta_all,macro_substation,,2928,630,476,199,154,2099,0.5829153621259389,0.6349546612489976,0.5778269930533967
beta_plus_alpha,beta_sure,pooled,,2310,471,434,127,37,1712,0.7736185383244206,0.921443736730361,0.8410852713178293
beta_plus_alpha,beta_sure,substation,beta_A,337,26,26,30,0,281,0.4642857142857143,1.0,0.6341463414634146
beta_plus_alpha,beta_sure,substation,beta_B,231,125,108,3,17,103,0.972972972972973,0.864,0.9152542372881355
beta_plus_alpha,beta_sure,substation,beta_C,339,0,0,0,0,339,0.0,0.0,0.0
beta_plus_alpha,beta_sure,substation,beta_D,188,45,44,39,1,104,0.5301204819277109,0.9777777777777777,0.6875000000000001
beta_plus_alpha,beta_sure,substation,beta_E,308,21,21,10,0,277,0.6774193548387096,1.0,0.8076923076923077
beta_plus_alpha,beta_sure,substation,beta_F,287,165,161,21,4,101,0.8846153846153846,0.9757575757575757,0.9279538904899136
beta_plus_alpha,beta_sure,substation,beta_G,283,85,73,21,12,177,0.776595744680851,0.8588235294117647,0.8156424581005587
beta_plus_alpha,beta_sure,substation,beta_H,337,4,1,3,3,330,0.25,0.25,0.25
beta_plus_alpha,beta_sure,macro_substation,,2310,471,434,127,37,1712,0.5695012066651679,0.7407948603683898,0.6297736543792913
beta_plus_alpha,beta_all,pooled,,2928,630,546,324,84,1974,0.6275862068965518,0.8666666666666667,0.7280000000000001
beta_plus_alpha,beta_all,substation,beta_A,366,29,29,41,0,296,0.4142857142857143,1.0,0.5858585858585859
beta_plus_alpha,beta_all,substation,beta_B,366,152,123,31,29,183,0.7987012987012987,0.8092105263157895,0.803921568627451
beta_plus_alpha,beta_all,substation,beta_C,366,13,1,1,12,352,0.5,0.07692307692307693,0.13333333333333336
beta_plus_alpha,beta_all,substation,beta_D,366,76,73,126,3,164,0.36683417085427134,0.9605263157894737,0.5309090909090909
beta_plus_alpha,beta_all,substation,beta_E,366,44,42,25,2,297,0.6268656716417911,0.9545454545454546,0.7567567567567568
beta_plus_alpha,beta_all,substation,beta_F,366,184,178,61,6,121,0.7447698744769874,0.967391304347826,0.8416075650118203
beta_plus_alpha,beta_all,substation,beta_G,366,117,94,32,23,217,0.746031746031746,0.8034188034188035,0.7736625514403291
beta_plus_alpha,beta_all,substation,beta_H,366,15,6,7,9,344,0.46153846153846156,0.4,0.42857142857142855
beta_plus_alpha,beta_all,macro_substation,,2928,630,546,324,84,1974,0.5823783671912839,0.746501935167553,0.6068276100635995
alpha_only,beta_sure,pooled,,2310,471,460,227,11,1612,0.6695778748180495,0.9766454352441614,0.7944732297063903
alpha_only,beta_sure,substation,beta_A,337,26,26,49,0,262,0.3466666666666667,1.0,0.5148514851485149
alpha_only,beta_sure,substation,beta_B,231,125,121,6,4,100,0.952755905511811,0.968,0.9603174603174602
alpha_only,beta_sure,substation,beta_C,339,0,0,8,0,331,0.0,0.0,0.0
alpha_only,beta_sure,substation,beta_D,188,45,45,55,0,88,0.45,1.0,0.6206896551724138
alpha_only,beta_sure,substation,beta_E,308,21,21,19,0,268,0.525,1.0,0.6885245901639345
alpha_only,beta_sure,substation,beta_F,287,165,164,39,1,83,0.8078817733990148,0.9939393939393939,0.8913043478260869
alpha_only,beta_sure,substation,beta_G,283,85,80,39,5,159,0.6722689075630253,0.9411764705882353,0.7843137254901961
alpha_only,beta_sure,substation,beta_H,337,4,3,12,1,321,0.2,0.75,0.31578947368421056
alpha_only,beta_sure,macro_substation,,2310,471,460,227,11,1612,0.4943216566425648,0.8316394830659537,0.5969738422253521
alpha_only,beta_all,pooled,,2928,630,589,506,41,1792,0.5378995433789955,0.9349206349206349,0.6828985507246378
alpha_only,beta_all,substation,beta_A,366,29,29,63,0,274,0.31521739130434784,1.0,0.4793388429752066
alpha_only,beta_all,substation,beta_B,366,152,141,62,11,152,0.6945812807881774,0.9276315789473685,0.7943661971830986
alpha_only,beta_all,substation,beta_C,366,13,4,11,9,342,0.26666666666666666,0.3076923076923077,0.28571428571428575
alpha_only,beta_all,substation,beta_D,366,76,76,168,0,122,0.3114754098360656,1.0,0.475
alpha_only,beta_all,substation,beta_E,366,44,43,36,1,286,0.5443037974683544,0.9772727272727273,0.6991869918699186
alpha_only,beta_all,substation,beta_F,366,184,181,86,3,96,0.6779026217228464,0.9836956521739131,0.802660753880266
alpha_only,beta_all,substation,beta_G,366,117,106,59,11,190,0.6424242424242425,0.905982905982906,0.75177304964539
alpha_only,beta_all,substation,beta_H,366,15,9,21,6,330,0.3,0.6,0.4
alpha_only,beta_all,macro_substation,,2928,630,589,506,41,1792,0.4690714262763376,0.8377843965086529,0.5860050151585207
