fold_id,held_out,training_stations,n_training_rows,n_training_rpf_days,bundle,elapsed_s,skipped
alpha_alpha_A,alpha_A,alpha_B;alpha_C;alpha_D;alpha_E;alpha_F;alpha_G;alpha_H;alpha_I;alpha_J;beta_A;beta_B;beta_C;beta_D;beta_E;beta_F;beta_G;beta_H,1122336,3851,outputs/01_final_evaluation/02_bundles/alpha_alpha_A/m8_xgb/20260916T052123Z/bundle.pkl,98.6,False
alpha_alpha_B,alpha_B,alpha_A;alpha_C;alpha_D;alpha_E;alpha_F;alpha_G;alpha_H;alpha_I;alpha_J;beta_A;beta_B;beta_C;beta_D;beta_E;beta_F;beta_G;beta_H,1120800,3824,outputs/01_final_evaluation/02_bundles/alpha_alpha_B/m8_xgb/20260916T052309Z/bundle.pkl,106.6,False
alpha_alpha_C,alpha_C,alpha_A;alpha_B;alpha_D;alpha_E;alpha_F;alpha_G;alpha_H;alpha_I;alpha_J;beta_A;beta_B;beta_C;beta_D;beta_E;beta_F;beta_G;beta_H,1120800,3224,outputs/01_final_evaluation/02_bundles/alpha_alpha_C/m8_xgb/20260916T052550Z/bundle.pkl,160.6,False
alpha_alpha_D,alpha_D,alpha_A;alpha_B;alpha_C;alpha_E;alpha_F;alpha_G;alpha_H;alpha_I;alpha_J;beta_A;beta_B;beta_C;beta_D;beta_E;beta_F;beta_G;beta_H,1122720,3851,outputs/01_final_evaluation/02_bundles/alpha_alpha_D/m8_xgb/20260916T052847Z/bundle.pkl,176.7,False
alpha_alpha_E,alpha_E,alpha_A;alpha_B;alpha_C;alpha_D;alpha_F;alpha_G;alpha_H;alpha_I;alpha_J;beta_A;beta_B;beta_C;beta_D;beta_E;beta_F;beta_G;beta_H,1122720,3151,outputs/01_final_evaluation/02_bundles/alpha_alpha_E/m8_xgb/20260916T053124Z/bundle.pkl,157.0,False
alpha_alpha_F,alpha_F,alpha_A;alpha_B;alpha_C;alpha_D;alpha_E;alpha_G;alpha_H;alpha_I;alpha_J;beta_A;beta_B;beta_C;beta_D;beta_E;beta_F;beta_G;beta_H,1122912,3009,outputs/01_final_evaluation/02_bundles/alpha_alpha_F/m8_xgb/20260916T053348Z/bundle.pkl,144.3,False
alpha_alpha_G,alpha_G,alpha_A;alpha_B;alpha_C;alpha_D;alpha_E;alpha_F;alpha_H;alpha_I;alpha_J;beta_A;beta_B;beta_C;beta_D;beta_E;beta_F;beta_G;beta_H,1122528,3201,outputs/01_final_evaluation/02_bundles/alpha_alpha_G/m8_xgb/20260916T053521Z/bundle.pkl,92.9,False
alpha_alpha_H,alpha_H,alpha_A;alpha_B;alpha_C;alpha_D;alpha_E;alpha_F;alpha_G;alpha_I;alpha_J;beta_A;beta_B;beta_C;beta_D;beta_E;beta_F;beta_G;beta_H,1122336,3851,outputs/01_final_evaluation/02_bundles/alpha_alpha_H/m8_xgb/20260916T053709Z/bundle.pkl,107.7,False
alpha_alpha_I,alpha_I,alpha_A;alpha_B;alpha_C;alpha_D;alpha_E;alpha_F;alpha_G;alpha_H;alpha_J;beta_A;beta_B;beta_C;beta_D;beta_E;beta_F;beta_G;beta_H,1122048,3703,outputs/01_final_evaluation/02_bundles/alpha_alpha_I/m8_xgb/20260916T053848Z/bundle.pkl,99.7,False
alpha_alpha_J,alpha_J,alpha_A;alpha_B;alpha_C;alpha_D;alpha_E;alpha_F;alpha_G;alpha_H;alpha_I;beta_A;beta_B;beta_C;beta_D;beta_E;beta_F;beta_G;beta_H,1120800,3464,outputs/01_final_evaluation/02_bundles/alpha_alpha_J/m8_xgb/20260916T054023Z/bundle.pkl,94.9,False
beta_beta_A,beta_A,alpha_A;alpha_B;alpha_C;alpha_D;alpha_E;alpha_F;alpha_G;alpha_H;alpha_I;alpha_J;beta_B;beta_C;beta_D;beta_E;beta_F;beta_G;beta_H,1189728,3825,outputs/01_final_evaluation/02_bundles/beta_beta_A/m8_xgb/20260916T054206Z/bundle.pkl,102.3,False
beta_beta_B,beta_B,alpha_A;alpha_B;alpha_C;alpha_D;alpha_E;alpha_F;alpha_G;alpha_H;alpha_I;alpha_J;beta_A;beta_C;beta_D;beta_E;beta_F;beta_G;beta_H,1199904,3726,outputs/01_final_evaluation/02_bundles/beta_beta_B/m8_xgb/20260916T050120Z/bundle.pkl,124.2,True
beta_beta_C,beta_C,alpha_A;alpha_B;alpha_C;alpha_D;alpha_E;alpha_F;alpha_G;alpha_H;alpha_I;alpha_J;beta_A;beta_B;beta_D;beta_E;beta_F;beta_G;beta_H,1189536,3851,outputs/01_final_evaluation/02_bundles/beta_beta_C/m8_xgb/20260916T054348Z/bundle.pkl,102.9,False
beta_beta_D,beta_D,alpha_A;alpha_B;alpha_C;alpha_D;alpha_E;alpha_F;alpha_G;alpha_H;alpha_I;alpha_J;beta_A;beta_B;beta_C;beta_E;beta_F;beta_G;beta_H,1204032,3806,outputs/01_final_evaluation/02_bundles/beta_beta_D/m8_xgb/20260916T054532Z/bundle.pkl,103.5,False
beta_beta_E,beta_E,alpha_A;alpha_B;alpha_C;alpha_D;alpha_E;alpha_F;alpha_G;alpha_H;alpha_I;alpha_J;beta_A;beta_B;beta_C;beta_D;beta_F;beta_G;beta_H,1192704,3830,outputs/01_final_evaluation/02_bundles/beta_beta_E/m8_xgb/20260916T054718Z/bundle.pkl,105.7,False
beta_beta_F,beta_F,alpha_A;alpha_B;alpha_C;alpha_D;alpha_E;alpha_F;alpha_G;alpha_H;alpha_I;alpha_J;beta_A;beta_B;beta_C;beta_D;beta_E;beta_G;beta_H,1194624,3687,outputs/01_final_evaluation/02_bundles/beta_beta_F/m8_xgb/20260916T054916Z/bundle.pkl,118.9,False
beta_beta_G,beta_G,alpha_A;alpha_B;alpha_C;alpha_D;alpha_E;alpha_F;alpha_G;alpha_H;alpha_I;alpha_J;beta_A;beta_B;beta_C;beta_D;beta_E;beta_F;beta_H,1194912,3766,outputs/01_final_evaluation/02_bundles/beta_beta_G/m8_xgb/20260916T055209Z/bundle.pkl,172.3,False
beta_beta_H,beta_H,alpha_A;alpha_B;alpha_C;alpha_D;alpha_E;alpha_F;alpha_G;alpha_H;alpha_I;alpha_J;beta_A;beta_B;beta_C;beta_D;beta_E;beta_F;beta_G,1189920,3847,outputs/01_final_evaluation/02_bundles/beta_beta_H/m8_xgb/20260916T055500Z/bundle.pkl,171.1,False
