strategy,heldout_substation,weight_id,search_origin,weight_F1,weight_F3,weight_F4,inner_macro_precision,inner_macro_recall,inner_macro_f1,outer_training_substations,outer_training_confidence,outer_threshold
equal,beta_A,weight_0000,equal,0.3333333333333333,0.3333333333333333,0.3333333333333333,0.6251844455436869,0.6843369832781596,0.632604980690912,"beta_B,beta_C,beta_D,beta_E,beta_F,beta_G,beta_H",sure_only,0.5342624187469482
grid,beta_A,weight_0036,grid,0.15000000000000002,0.05,0.8,0.6995552045061972,0.6746889058653764,0.6745457862473104,"beta_B,beta_C,beta_D,beta_E,beta_F,beta_G,beta_H",sure_only,0.885337233543396
random,beta_A,weight_0350,random,0.3047329304435074,0.11901689152983222,0.5762501780266603,0.7098498969311616,0.667033189033189,0.6759312836713097,"beta_B,beta_C,beta_D,beta_E,beta_F,beta_G,beta_H",sure_only,0.7531301975250244
optimised,beta_A,weight_0350,random,0.3047329304435074,0.11901689152983222,0.5762501780266603,0.7098498969311616,0.667033189033189,0.6759312836713097,"beta_B,beta_C,beta_D,beta_E,beta_F,beta_G,beta_H",sure_only,0.7531301975250244
equal,beta_B,weight_0000,equal,0.3333333333333333,0.3333333333333333,0.3333333333333333,0.6436425312860387,0.6285768852995745,0.6177084056878872,"beta_A,beta_C,beta_D,beta_E,beta_F,beta_G,beta_H",sure_only,0.6006872653961182
grid,beta_B,weight_0069,grid,0.25,0.15000000000000002,0.6000000000000001,0.6910477363642326,0.684226837588182,0.6783080291329425,"beta_A,beta_C,beta_D,beta_E,beta_F,beta_G,beta_H",sure_only,0.7703033089637756
random,beta_B,weight_0442,random,0.4544077203861563,0.17167154441877608,0.3739207351950676,0.7095791193885004,0.6787216051921935,0.6852520471875309,"beta_A,beta_C,beta_D,beta_E,beta_F,beta_G,beta_H",sure_only,0.6745930314064026
optimised,beta_B,weight_0442,random,0.4544077203861563,0.17167154441877608,0.3739207351950676,0.7095791193885004,0.6787216051921935,0.6852520471875309,"beta_A,beta_C,beta_D,beta_E,beta_F,beta_G,beta_H",sure_only,0.6745930314064026
equal,beta_C,weight_0000,equal,0.3333333333333333,0.3333333333333333,0.3333333333333333,0.7529735112201198,0.7799188766415658,0.7394720691945343,"beta_A,beta_B,beta_D,beta_E,beta_F,beta_G,beta_H",sure_only,0.5998931527137756
grid,beta_C,weight_0069,grid,0.25,0.15000000000000002,0.6000000000000001,0.8306208069717859,0.7813696947310393,0.7928632851976326,"beta_A,beta_B,beta_D,beta_E,beta_F,beta_G,beta_H",sure_only,0.7703033089637756
random,beta_C,weight_0201,random,0.21527970882931036,0.12576429453078386,0.6589559966399059,0.8308301426102107,0.7811829533678274,0.792319325409096,"beta_A,beta_B,beta_D,beta_E,beta_F,beta_G,beta_H",sure_only,0.8048068881034851
optimised,beta_C,weight_0069,grid,0.25,0.15000000000000002,0.6000000000000001,0.8306208069717859,0.7813696947310393,0.7928632851976326,"beta_A,beta_B,beta_D,beta_E,beta_F,beta_G,beta_H",sure_only,0.7703033089637756
equal,beta_D,weight_0000,equal,0.3333333333333333,0.3333333333333333,0.3333333333333333,0.6295968878434964,0.6601909854851031,0.6164613046927896,"beta_A,beta_B,beta_C,beta_E,beta_F,beta_G,beta_H",sure_only,0.5998931527137756
grid,beta_D,weight_0068,grid,0.25,0.1,0.65,0.7015429371404366,0.6432006816712699,0.6552992565881983,"beta_A,beta_B,beta_C,beta_E,beta_F,beta_G,beta_H",sure_only,0.7965697050094604
random,beta_D,weight_0320,random,0.2616916309612625,0.10501957488091176,0.6332887941578257,0.7001998357973352,0.6532847152847152,0.6609528810953261,"beta_A,beta_B,beta_C,beta_E,beta_F,beta_G,beta_H",sure_only,0.7867861986160278
optimised,beta_D,weight_0320,random,0.2616916309612625,0.10501957488091176,0.6332887941578257,0.7001998357973352,0.6532847152847152,0.6609528810953261,"beta_A,beta_B,beta_C,beta_E,beta_F,beta_G,beta_H",sure_only,0.7867861986160278
equal,beta_E,weight_0000,equal,0.3333333333333333,0.3333333333333333,0.3333333333333333,0.6145356386033379,0.6368055343349461,0.5885018519431259,"beta_A,beta_B,beta_C,beta_D,beta_F,beta_G,beta_H",sure_only,0.5998931527137756
grid,beta_E,weight_0068,grid,0.25,0.1,0.65,0.694818114361489,0.6592529692529692,0.6629445030107043,"beta_A,beta_B,beta_C,beta_D,beta_F,beta_G,beta_H",sure_only,0.7965697050094604
random,beta_E,weight_0320,random,0.2616916309612625,0.10501957488091176,0.6332887941578257,0.694818114361489,0.6592529692529692,0.6629445030107043,"beta_A,beta_B,beta_C,beta_D,beta_F,beta_G,beta_H",sure_only,0.7867861986160278
optimised,beta_E,weight_0068,grid,0.25,0.1,0.65,0.694818114361489,0.6592529692529692,0.6629445030107043,"beta_A,beta_B,beta_C,beta_D,beta_F,beta_G,beta_H",sure_only,0.7965697050094604
equal,beta_F,weight_0000,equal,0.3333333333333333,0.3333333333333333,0.3333333333333333,0.6188052027484058,0.6244457783113245,0.5944628957924418,"beta_A,beta_B,beta_C,beta_D,beta_E,beta_G,beta_H",sure_only,0.5998931527137756
grid,beta_F,weight_0069,grid,0.25,0.15000000000000002,0.6000000000000001,0.7003687061314497,0.6471705605319051,0.6606671231507243,"beta_A,beta_B,beta_C,beta_D,beta_E,beta_G,beta_H",sure_only,0.7703033089637756
random,beta_F,weight_0201,random,0.21527970882931036,0.12576429453078386,0.6589559966399059,0.7005780417698746,0.6469838191686932,0.6601231633621876,"beta_A,beta_B,beta_C,beta_D,beta_E,beta_G,beta_H",sure_only,0.8048068881034851
optimised,beta_F,weight_0069,grid,0.25,0.15000000000000002,0.6000000000000001,0.7003687061314497,0.6471705605319051,0.6606671231507243,"beta_A,beta_B,beta_C,beta_D,beta_E,beta_G,beta_H",sure_only,0.7703033089637756
equal,beta_G,weight_0000,equal,0.3333333333333333,0.3333333333333333,0.3333333333333333,0.6256740372387236,0.6586703772418058,0.6161946821297718,"beta_A,beta_B,beta_C,beta_D,beta_E,beta_F,beta_H",sure_only,0.5998931527137756
grid,beta_G,weight_0069,grid,0.25,0.15000000000000002,0.6000000000000001,0.6981156309883491,0.6738066695209552,0.6741248807449425,"beta_A,beta_B,beta_C,beta_D,beta_E,beta_F,beta_H",sure_only,0.7703033089637756
random,beta_G,weight_0201,random,0.21527970882931036,0.12576429453078386,0.6589559966399059,0.6981156309883491,0.6738066695209552,0.6741248807449425,"beta_A,beta_B,beta_C,beta_D,beta_E,beta_F,beta_H",sure_only,0.8050082325935364
optimised,beta_G,weight_0069,grid,0.25,0.15000000000000002,0.6000000000000001,0.6981156309883491,0.6738066695209552,0.6741248807449425,"beta_A,beta_B,beta_C,beta_D,beta_E,beta_F,beta_H",sure_only,0.7703033089637756
equal,beta_H,weight_0000,equal,0.3333333333333333,0.3333333333333333,0.3333333333333333,0.7129627700815593,0.7442045909272801,0.7173321156521418,"beta_A,beta_B,beta_C,beta_D,beta_E,beta_F,beta_G",sure_only,0.5998931527137756
grid,beta_H,weight_0069,grid,0.25,0.15000000000000002,0.6000000000000001,0.7591922355432145,0.7456554090167536,0.745244237578585,"beta_A,beta_B,beta_C,beta_D,beta_E,beta_F,beta_G",sure_only,0.7703033089637756
random,beta_H,weight_0201,random,0.21527970882931036,0.12576429453078386,0.6589559966399059,0.7594015711816393,0.7454686676535417,0.7447002777900484,"beta_A,beta_B,beta_C,beta_D,beta_E,beta_F,beta_G",sure_only,0.8048068881034851
optimised,beta_H,weight_0069,grid,0.25,0.15000000000000002,0.6000000000000001,0.7591922355432145,0.7456554090167536,0.745244237578585,"beta_A,beta_B,beta_C,beta_D,beta_E,beta_F,beta_G",sure_only,0.7703033089637756
