regime,model,confidence_scope,aggregation,substation_id,support,positive_support,tp,fp,fn,tn,precision,recall,f1
beta_only,dnn,beta_sure,pooled,,2310,471,385,89,86,1750,0.8122362869198312,0.8174097664543525,0.8148148148148148
beta_only,dnn,beta_sure,substation,beta_A,337,26,25,37,1,274,0.4032258064516129,0.9615384615384616,0.5681818181818181
beta_only,dnn,beta_sure,substation,beta_B,231,125,85,2,40,104,0.9770114942528736,0.68,0.8018867924528302
beta_only,dnn,beta_sure,substation,beta_C,339,0,0,0,0,339,0.0,0.0,0.0
beta_only,dnn,beta_sure,substation,beta_D,188,45,38,19,7,124,0.6666666666666666,0.8444444444444444,0.7450980392156862
beta_only,dnn,beta_sure,substation,beta_E,308,21,17,8,4,279,0.68,0.8095238095238095,0.7391304347826089
beta_only,dnn,beta_sure,substation,beta_F,287,165,157,14,8,108,0.9181286549707602,0.9515151515151515,0.9345238095238095
beta_only,dnn,beta_sure,substation,beta_G,283,85,62,8,23,190,0.8857142857142857,0.7294117647058823,0.7999999999999998
beta_only,dnn,beta_sure,substation,beta_H,337,4,1,1,3,332,0.5,0.25,0.3333333333333333
beta_only,dnn,beta_sure,macro_substation,,2310,471,385,89,86,1750,0.6288433635070249,0.6533042039659687,0.6152692784362608
beta_only,dnn,beta_all,pooled,,2928,630,472,216,158,2082,0.686046511627907,0.7492063492063492,0.7162367223065251
beta_only,dnn,beta_all,substation,beta_A,366,29,28,50,1,287,0.358974358974359,0.9655172413793104,0.5233644859813085
beta_only,dnn,beta_all,substation,beta_B,366,152,95,16,57,198,0.8558558558558559,0.625,0.7224334600760456
beta_only,dnn,beta_all,substation,beta_C,366,13,0,0,13,353,0.0,0.0,0.0
beta_only,dnn,beta_all,substation,beta_D,366,76,60,64,16,226,0.4838709677419355,0.7894736842105263,0.6
beta_only,dnn,beta_all,substation,beta_E,366,44,37,20,7,302,0.6491228070175439,0.8409090909090909,0.7326732673267327
beta_only,dnn,beta_all,substation,beta_F,366,184,171,45,13,137,0.7916666666666666,0.9293478260869565,0.8550000000000001
beta_only,dnn,beta_all,substation,beta_G,366,117,77,16,40,233,0.8279569892473119,0.6581196581196581,0.7333333333333334
beta_only,dnn,beta_all,substation,beta_H,366,15,4,5,11,346,0.4444444444444444,0.26666666666666666,0.33333333333333337
beta_only,dnn,beta_all,macro_substation,,2928,630,472,216,158,2082,0.5514865112435147,0.6343792709215261,0.5625172350063442
beta_only,random_forest,beta_sure,pooled,,2310,471,405,96,66,1743,0.8083832335329342,0.8598726114649682,0.8333333333333334
beta_only,random_forest,beta_sure,substation,beta_A,337,26,25,24,1,287,0.5102040816326531,0.9615384615384616,0.6666666666666667
beta_only,random_forest,beta_sure,substation,beta_B,231,125,88,2,37,104,0.9777777777777777,0.704,0.8186046511627907
beta_only,random_forest,beta_sure,substation,beta_C,339,0,0,0,0,339,0.0,0.0,0.0
beta_only,random_forest,beta_sure,substation,beta_D,188,45,40,25,5,118,0.6153846153846154,0.8888888888888888,0.7272727272727274
beta_only,random_forest,beta_sure,substation,beta_E,308,21,16,12,5,275,0.5714285714285714,0.7619047619047619,0.6530612244897959
beta_only,random_forest,beta_sure,substation,beta_F,287,165,164,21,1,101,0.8864864864864865,0.9939393939393939,0.9371428571428572
beta_only,random_forest,beta_sure,substation,beta_G,283,85,72,11,13,187,0.8674698795180723,0.8470588235294118,0.8571428571428572
beta_only,random_forest,beta_sure,substation,beta_H,337,4,0,1,4,332,0.0,0.0,0.0
beta_only,random_forest,beta_sure,macro_substation,,2310,471,405,96,66,1743,0.5535939265285221,0.6446662912251147,0.5824863729847118
beta_only,random_forest,beta_all,pooled,,2928,630,497,243,133,2055,0.6716216216216216,0.7888888888888889,0.7255474452554744
beta_only,random_forest,beta_all,substation,beta_A,366,29,28,35,1,302,0.4444444444444444,0.9655172413793104,0.6086956521739131
beta_only,random_forest,beta_all,substation,beta_B,366,152,100,16,52,198,0.8620689655172413,0.6578947368421053,0.746268656716418
beta_only,random_forest,beta_all,substation,beta_C,366,13,0,0,13,353,0.0,0.0,0.0
beta_only,random_forest,beta_all,substation,beta_D,366,76,62,82,14,208,0.4305555555555556,0.8157894736842105,0.5636363636363637
beta_only,random_forest,beta_all,substation,beta_E,366,44,34,24,10,298,0.5862068965517241,0.7727272727272727,0.6666666666666667
beta_only,random_forest,beta_all,substation,beta_F,366,184,179,61,5,121,0.7458333333333333,0.9728260869565217,0.8443396226415095
beta_only,random_forest,beta_all,substation,beta_G,366,117,92,21,25,228,0.8141592920353983,0.7863247863247863,0.7999999999999999
beta_only,random_forest,beta_all,substation,beta_H,366,15,2,4,13,347,0.3333333333333333,0.13333333333333333,0.19047619047619044
beta_only,random_forest,beta_all,macro_substation,,2928,630,497,243,133,2055,0.5270752275963788,0.6380516164059425,0.5525103940388827
beta_only,xgboost,beta_sure,pooled,,2310,471,367,58,104,1781,0.8635294117647059,0.7791932059447984,0.8191964285714285
beta_only,xgboost,beta_sure,substation,beta_A,337,26,26,18,0,293,0.5909090909090909,1.0,0.7428571428571429
beta_only,xgboost,beta_sure,substation,beta_B,231,125,79,2,46,104,0.9753086419753086,0.632,0.7669902912621359
beta_only,xgboost,beta_sure,substation,beta_C,339,0,0,0,0,339,0.0,0.0,0.0
beta_only,xgboost,beta_sure,substation,beta_D,188,45,27,9,18,134,0.75,0.6,0.6666666666666665
beta_only,xgboost,beta_sure,substation,beta_E,308,21,17,3,4,284,0.85,0.8095238095238095,0.8292682926829269
beta_only,xgboost,beta_sure,substation,beta_F,287,165,155,17,10,105,0.9011627906976745,0.9393939393939394,0.9198813056379823
beta_only,xgboost,beta_sure,substation,beta_G,283,85,63,7,22,191,0.9,0.7411764705882353,0.8129032258064517
beta_only,xgboost,beta_sure,substation,beta_H,337,4,0,2,4,331,0.0,0.0,0.0
beta_only,xgboost,beta_sure,macro_substation,,2310,471,367,58,104,1781,0.6209225654477593,0.590261777438248,0.5923208656141633
beta_only,xgboost,beta_all,pooled,,2928,630,445,153,185,2145,0.7441471571906354,0.7063492063492064,0.724755700325733
beta_only,xgboost,beta_all,substation,beta_A,366,29,27,27,2,310,0.5,0.9310344827586207,0.6506024096385543
beta_only,xgboost,beta_all,substation,beta_B,366,152,89,13,63,201,0.8725490196078431,0.5855263157894737,0.7007874015748031
beta_only,xgboost,beta_all,substation,beta_C,366,13,0,0,13,353,0.0,0.0,0.0
beta_only,xgboost,beta_all,substation,beta_D,366,76,42,35,34,255,0.5454545454545454,0.5526315789473685,0.5490196078431372
beta_only,xgboost,beta_all,substation,beta_E,366,44,37,11,7,311,0.7708333333333334,0.8409090909090909,0.8043478260869567
beta_only,xgboost,beta_all,substation,beta_F,366,184,169,48,15,134,0.7788018433179723,0.9184782608695652,0.8428927680798005
beta_only,xgboost,beta_all,substation,beta_G,366,117,76,13,41,236,0.8539325842696629,0.6495726495726496,0.7378640776699029
beta_only,xgboost,beta_all,substation,beta_H,366,15,5,6,10,345,0.45454545454545453,0.3333333333333333,0.3846153846153846
beta_only,xgboost,beta_all,macro_substation,,2928,630,445,153,185,2145,0.5970145975661014,0.6014357140225128,0.5837661844385674
beta_plus_alpha,dnn,beta_sure,pooled,,2310,471,432,135,39,1704,0.7619047619047619,0.9171974522292994,0.8323699421965317
beta_plus_alpha,dnn,beta_sure,substation,beta_A,337,26,26,42,0,269,0.38235294117647056,1.0,0.5531914893617021
beta_plus_alpha,dnn,beta_sure,substation,beta_B,231,125,110,3,15,103,0.9734513274336283,0.88,0.9243697478991596
beta_plus_alpha,dnn,beta_sure,substation,beta_C,339,0,0,0,0,339,0.0,0.0,0.0
beta_plus_alpha,dnn,beta_sure,substation,beta_D,188,45,44,39,1,104,0.5301204819277109,0.9777777777777777,0.6875000000000001
beta_plus_alpha,dnn,beta_sure,substation,beta_E,308,21,21,16,0,271,0.5675675675675675,1.0,0.7241379310344828
beta_plus_alpha,dnn,beta_sure,substation,beta_F,287,165,158,18,7,104,0.8977272727272727,0.9575757575757575,0.9266862170087976
beta_plus_alpha,dnn,beta_sure,substation,beta_G,283,85,72,16,13,182,0.8181818181818182,0.8470588235294118,0.8323699421965318
beta_plus_alpha,dnn,beta_sure,substation,beta_H,337,4,1,1,3,332,0.5,0.25,0.3333333333333333
beta_plus_alpha,dnn,beta_sure,macro_substation,,2310,471,432,135,39,1704,0.5836751761268085,0.7390515448603684,0.6226985826042508
beta_plus_alpha,dnn,beta_all,pooled,,2928,630,538,329,92,1969,0.6205305651672434,0.8539682539682539,0.7187708750835003
beta_plus_alpha,dnn,beta_all,substation,beta_A,366,29,29,55,0,282,0.34523809523809523,1.0,0.5132743362831858
beta_plus_alpha,dnn,beta_all,substation,beta_B,366,152,127,32,25,182,0.7987421383647799,0.8355263157894737,0.8167202572347266
beta_plus_alpha,dnn,beta_all,substation,beta_C,366,13,2,0,11,353,1.0,0.15384615384615385,0.2666666666666667
beta_plus_alpha,dnn,beta_all,substation,beta_D,366,76,71,128,5,162,0.35678391959798994,0.9342105263157895,0.5163636363636364
beta_plus_alpha,dnn,beta_all,substation,beta_E,366,44,42,32,2,290,0.5675675675675675,0.9545454545454546,0.711864406779661
beta_plus_alpha,dnn,beta_all,substation,beta_F,366,184,172,50,12,132,0.7747747747747747,0.9347826086956522,0.8472906403940887
beta_plus_alpha,dnn,beta_all,substation,beta_G,366,117,91,27,26,222,0.7711864406779662,0.7777777777777778,0.774468085106383
beta_plus_alpha,dnn,beta_all,substation,beta_H,366,15,4,5,11,346,0.4444444444444444,0.26666666666666666,0.33333333333333337
beta_plus_alpha,dnn,beta_all,macro_substation,,2928,630,538,329,92,1969,0.6323421725832022,0.7321694379546211,0.5974976702702102
beta_plus_alpha,random_forest,beta_sure,pooled,,2310,471,440,131,31,1708,0.7705779334500875,0.9341825902335457,0.8445297504798465
beta_plus_alpha,random_forest,beta_sure,substation,beta_A,337,26,26,29,0,282,0.4727272727272727,1.0,0.6419753086419753
beta_plus_alpha,random_forest,beta_sure,substation,beta_B,231,125,106,2,19,104,0.9814814814814815,0.848,0.9098712446351932
beta_plus_alpha,random_forest,beta_sure,substation,beta_C,339,0,0,0,0,339,0.0,0.0,0.0
beta_plus_alpha,random_forest,beta_sure,substation,beta_D,188,45,43,36,2,107,0.5443037974683544,0.9555555555555556,0.6935483870967742
beta_plus_alpha,random_forest,beta_sure,substation,beta_E,308,21,21,15,0,272,0.5833333333333334,1.0,0.7368421052631579
beta_plus_alpha,random_forest,beta_sure,substation,beta_F,287,165,164,24,1,98,0.8723404255319149,0.9939393939393939,0.9291784702549575
beta_plus_alpha,random_forest,beta_sure,substation,beta_G,283,85,79,22,6,176,0.7821782178217822,0.9294117647058824,0.8494623655913979
beta_plus_alpha,random_forest,beta_sure,substation,beta_H,337,4,1,3,3,330,0.25,0.25,0.25
beta_plus_alpha,random_forest,beta_sure,macro_substation,,2310,471,440,131,31,1708,0.5607955660455175,0.7471133392751039,0.626359735185432
beta_plus_alpha,random_forest,beta_all,pooled,,2928,630,549,320,81,1978,0.6317606444188723,0.8714285714285714,0.7324883255503669
beta_plus_alpha,random_forest,beta_all,substation,beta_A,366,29,29,40,0,297,0.42028985507246375,1.0,0.5918367346938774
beta_plus_alpha,random_forest,beta_all,substation,beta_B,366,152,121,24,31,190,0.8344827586206897,0.7960526315789473,0.8148148148148148
beta_plus_alpha,random_forest,beta_all,substation,beta_C,366,13,0,0,13,353,0.0,0.0,0.0
beta_plus_alpha,random_forest,beta_all,substation,beta_D,366,76,67,118,9,172,0.3621621621621622,0.881578947368421,0.5134099616858238
beta_plus_alpha,random_forest,beta_all,substation,beta_E,366,44,43,32,1,290,0.5733333333333334,0.9772727272727273,0.722689075630252
beta_plus_alpha,random_forest,beta_all,substation,beta_F,366,184,179,64,5,118,0.7366255144032922,0.9728260869565217,0.8384074941451989
beta_plus_alpha,random_forest,beta_all,substation,beta_G,366,117,104,34,13,215,0.7536231884057971,0.8888888888888888,0.8156862745098039
beta_plus_alpha,random_forest,beta_all,substation,beta_H,366,15,6,8,9,343,0.42857142857142855,0.4,0.4137931034482759
beta_plus_alpha,random_forest,beta_all,macro_substation,,2928,630,549,320,81,1978,0.5136360300711459,0.7395774102581882,0.5888296823660059
beta_plus_alpha,xgboost,beta_sure,pooled,,2310,471,393,85,78,1754,0.8221757322175732,0.8343949044585988,0.828240252897787
beta_plus_alpha,xgboost,beta_sure,substation,beta_A,337,26,26,19,0,292,0.5777777777777777,1.0,0.732394366197183
beta_plus_alpha,xgboost,beta_sure,substation,beta_B,231,125,88,2,37,104,0.9777777777777777,0.704,0.8186046511627907
beta_plus_alpha,xgboost,beta_sure,substation,beta_C,339,0,0,0,0,339,0.0,0.0,0.0
beta_plus_alpha,xgboost,beta_sure,substation,beta_D,188,45,41,26,4,117,0.6119402985074627,0.9111111111111111,0.7321428571428571
beta_plus_alpha,xgboost,beta_sure,substation,beta_E,308,21,20,12,1,275,0.625,0.9523809523809523,0.7547169811320755
beta_plus_alpha,xgboost,beta_sure,substation,beta_F,287,165,156,16,9,106,0.9069767441860465,0.9454545454545454,0.9258160237388724
beta_plus_alpha,xgboost,beta_sure,substation,beta_G,283,85,61,7,24,191,0.8970588235294118,0.7176470588235294,0.7973856209150327
beta_plus_alpha,xgboost,beta_sure,substation,beta_H,337,4,1,3,3,330,0.25,0.25,0.25
beta_plus_alpha,xgboost,beta_sure,macro_substation,,2310,471,393,85,78,1754,0.6058164277223095,0.6850742084712673,0.6263825625361015
beta_plus_alpha,xgboost,beta_all,pooled,,2928,630,482,231,148,2067,0.6760168302945302,0.765079365079365,0.7177959791511542
beta_plus_alpha,xgboost,beta_all,substation,beta_A,366,29,29,29,0,308,0.5,1.0,0.6666666666666666
beta_plus_alpha,xgboost,beta_all,substation,beta_B,366,152,100,19,52,195,0.8403361344537815,0.6578947368421053,0.7380073800738007
beta_plus_alpha,xgboost,beta_all,substation,beta_C,366,13,0,0,13,353,0.0,0.0,0.0
beta_plus_alpha,xgboost,beta_all,substation,beta_D,366,76,62,89,14,201,0.4105960264900662,0.8157894736842105,0.5462555066079295
beta_plus_alpha,xgboost,beta_all,substation,beta_E,366,44,41,27,3,295,0.6029411764705882,0.9318181818181818,0.7321428571428571
beta_plus_alpha,xgboost,beta_all,substation,beta_F,366,184,170,43,14,139,0.7981220657276995,0.9239130434782609,0.8564231738035264
beta_plus_alpha,xgboost,beta_all,substation,beta_G,366,117,74,16,43,233,0.8222222222222222,0.6324786324786325,0.714975845410628
beta_plus_alpha,xgboost,beta_all,substation,beta_H,366,15,6,8,9,343,0.42857142857142855,0.4,0.4137931034482759
beta_plus_alpha,xgboost,beta_all,macro_substation,,2928,630,482,231,148,2067,0.5503486317419732,0.6702367585376738,0.5835330666442106
alpha_only,dnn,beta_sure,pooled,,2310,471,471,296,0,1543,0.6140808344198174,1.0,0.7609046849757674
alpha_only,dnn,beta_sure,substation,beta_A,337,26,26,71,0,240,0.26804123711340205,1.0,0.42276422764227645
alpha_only,dnn,beta_sure,substation,beta_B,231,125,125,8,0,98,0.9398496240601504,1.0,0.9689922480620156
alpha_only,dnn,beta_sure,substation,beta_C,339,0,0,7,0,332,0.0,0.0,0.0
alpha_only,dnn,beta_sure,substation,beta_D,188,45,45,71,0,72,0.3879310344827586,1.0,0.5590062111801242
alpha_only,dnn,beta_sure,substation,beta_E,308,21,21,24,0,263,0.4666666666666667,1.0,0.6363636363636364
alpha_only,dnn,beta_sure,substation,beta_F,287,165,165,51,0,71,0.7638888888888888,1.0,0.8661417322834646
alpha_only,dnn,beta_sure,substation,beta_G,283,85,85,50,0,148,0.6296296296296297,1.0,0.7727272727272727
alpha_only,dnn,beta_sure,substation,beta_H,337,4,4,14,0,319,0.2222222222222222,1.0,0.3636363636363636
alpha_only,dnn,beta_sure,macro_substation,,2310,471,471,296,0,1543,0.45977866288296476,0.875,0.5737039614868942
alpha_only,dnn,beta_all,pooled,,2928,630,605,625,25,1673,0.491869918699187,0.9603174603174603,0.6505376344086021
alpha_only,dnn,beta_all,substation,beta_A,366,29,29,91,0,246,0.24166666666666667,1.0,0.38926174496644295
alpha_only,dnn,beta_all,substation,beta_B,366,152,145,77,7,137,0.6531531531531531,0.9539473684210527,0.7754010695187167
alpha_only,dnn,beta_all,substation,beta_C,366,13,3,9,10,344,0.25,0.23076923076923078,0.24000000000000002
alpha_only,dnn,beta_all,substation,beta_D,366,76,76,200,0,90,0.2753623188405797,1.0,0.4318181818181819
alpha_only,dnn,beta_all,substation,beta_E,366,44,44,44,0,278,0.5,1.0,0.6666666666666666
alpha_only,dnn,beta_all,substation,beta_F,366,184,184,102,0,80,0.6433566433566433,1.0,0.7829787234042553
alpha_only,dnn,beta_all,substation,beta_G,366,117,114,78,3,171,0.59375,0.9743589743589743,0.7378640776699028
alpha_only,dnn,beta_all,substation,beta_H,366,15,10,24,5,327,0.29411764705882354,0.6666666666666666,0.40816326530612246
alpha_only,dnn,beta_all,macro_substation,,2928,630,605,625,25,1673,0.4314258036344833,0.8532177800269906,0.554019216168786
alpha_only,random_forest,beta_sure,pooled,,2310,471,471,340,0,1499,0.5807644882860666,1.0,0.7347893915756631
alpha_only,random_forest,beta_sure,substation,beta_A,337,26,26,80,0,231,0.24528301886792453,1.0,0.393939393939394
alpha_only,random_forest,beta_sure,substation,beta_B,231,125,125,11,0,95,0.9191176470588235,1.0,0.9578544061302682
alpha_only,random_forest,beta_sure,substation,beta_C,339,0,0,11,0,328,0.0,0.0,0.0
alpha_only,random_forest,beta_sure,substation,beta_D,188,45,45,73,0,70,0.3813559322033898,1.0,0.5521472392638037
alpha_only,random_forest,beta_sure,substation,beta_E,308,21,21,26,0,261,0.44680851063829785,1.0,0.6176470588235294
alpha_only,random_forest,beta_sure,substation,beta_F,287,165,165,56,0,66,0.746606334841629,1.0,0.8549222797927462
alpha_only,random_forest,beta_sure,substation,beta_G,283,85,85,64,0,134,0.5704697986577181,1.0,0.7264957264957265
alpha_only,random_forest,beta_sure,substation,beta_H,337,4,4,19,0,314,0.17391304347826086,1.0,0.29629629629629634
alpha_only,random_forest,beta_sure,macro_substation,,2310,471,471,340,0,1499,0.43544428571825544,0.875,0.5499128000927205
alpha_only,random_forest,beta_all,pooled,,2928,630,614,684,16,1614,0.47303543913713403,0.9746031746031746,0.6369294605809129
alpha_only,random_forest,beta_all,substation,beta_A,366,29,29,100,0,237,0.2248062015503876,1.0,0.3670886075949367
alpha_only,random_forest,beta_all,substation,beta_B,366,152,147,84,5,130,0.6363636363636364,0.9671052631578947,0.7676240208877285
alpha_only,random_forest,beta_all,substation,beta_C,366,13,8,14,5,339,0.36363636363636365,0.6153846153846154,0.4571428571428572
alpha_only,random_forest,beta_all,substation,beta_D,366,76,76,203,0,87,0.2724014336917563,1.0,0.4281690140845071
alpha_only,random_forest,beta_all,substation,beta_E,366,44,44,49,0,273,0.4731182795698925,1.0,0.6423357664233577
alpha_only,random_forest,beta_all,substation,beta_F,366,184,184,107,0,75,0.6323024054982818,1.0,0.7747368421052632
alpha_only,random_forest,beta_all,substation,beta_G,366,117,115,96,2,153,0.5450236966824644,0.9829059829059829,0.7012195121951219
alpha_only,random_forest,beta_all,substation,beta_H,366,15,11,31,4,320,0.2619047619047619,0.7333333333333333,0.38596491228070173
alpha_only,random_forest,beta_all,macro_substation,,2928,630,614,684,16,1614,0.42619459736219306,0.9123411493477283,0.5655351915893092
alpha_only,xgboost,beta_sure,pooled,,2310,471,471,313,0,1526,0.6007653061224489,1.0,0.7505976095617529
alpha_only,xgboost,beta_sure,substation,beta_A,337,26,26,71,0,240,0.26804123711340205,1.0,0.42276422764227645
alpha_only,xgboost,beta_sure,substation,beta_B,231,125,125,9,0,97,0.9328358208955224,1.0,0.9652509652509652
alpha_only,xgboost,beta_sure,substation,beta_C,339,0,0,10,0,329,0.0,0.0,0.0
alpha_only,xgboost,beta_sure,substation,beta_D,188,45,45,71,0,72,0.3879310344827586,1.0,0.5590062111801242
alpha_only,xgboost,beta_sure,substation,beta_E,308,21,21,26,0,261,0.44680851063829785,1.0,0.6176470588235294
alpha_only,xgboost,beta_sure,substation,beta_F,287,165,165,54,0,68,0.7534246575342466,1.0,0.8593750000000001
alpha_only,xgboost,beta_sure,substation,beta_G,283,85,85,55,0,143,0.6071428571428571,1.0,0.7555555555555554
alpha_only,xgboost,beta_sure,substation,beta_H,337,4,4,17,0,316,0.19047619047619047,1.0,0.32
alpha_only,xgboost,beta_sure,macro_substation,,2310,471,471,313,0,1526,0.44833253853540944,0.875,0.5624498773065563
alpha_only,xgboost,beta_all,pooled,,2928,630,610,651,20,1647,0.4837430610626487,0.9682539682539683,0.6451612903225806
alpha_only,xgboost,beta_all,substation,beta_A,366,29,29,91,0,246,0.24166666666666667,1.0,0.38926174496644295
alpha_only,xgboost,beta_all,substation,beta_B,366,152,146,81,6,133,0.6431718061674009,0.9605263157894737,0.770448548812665
alpha_only,xgboost,beta_all,substation,beta_C,366,13,5,12,8,341,0.29411764705882354,0.38461538461538464,0.33333333333333337
alpha_only,xgboost,beta_all,substation,beta_D,366,76,76,200,0,90,0.2753623188405797,1.0,0.4318181818181819
alpha_only,xgboost,beta_all,substation,beta_E,366,44,44,48,0,274,0.4782608695652174,1.0,0.6470588235294118
alpha_only,xgboost,beta_all,substation,beta_F,366,184,184,105,0,77,0.6366782006920415,1.0,0.7780126849894292
alpha_only,xgboost,beta_all,substation,beta_G,366,117,115,85,2,164,0.575,0.9829059829059829,0.725552050473186
alpha_only,xgboost,beta_all,substation,beta_H,366,15,11,29,4,322,0.275,0.7333333333333333,0.4
alpha_only,xgboost,beta_all,macro_substation,,2928,630,610,651,20,1647,0.4274071886238412,0.8826726270805219,0.5594356709903312
