regime,outer_identifier,model,hyperparameter_id,parameters_json,inner_macro_precision,inner_macro_recall,inner_macro_f1,outer_training_rows,outer_threshold
beta_only,beta_A,dnn,dnn_02,"{""alpha"": 0.0001, ""hidden_layer_sizes"": [32, 16], ""max_iter"": 500}",0.5858189081675469,0.7117656517152317,0.6326252289456018,1973,0.5847451847985974
beta_only,beta_A,random_forest,random_forest_03,"{""max_depth"": 8, ""min_samples_leaf"": 5, ""n_estimators"": 200}",0.6174174074435016,0.6877125880655293,0.6397930806129936,1973,0.5782333446916014
beta_only,beta_A,xgboost,xgboost_01,"{""colsample_bytree"": 0.8, ""learning_rate"": 0.1, ""max_depth"": 3, ""n_estimators"": 200, ""subsample"": 0.8}",0.6645483013070647,0.6208770295997186,0.6302088682311731,1973,0.7714071273803711
beta_only,beta_B,dnn,dnn_03,"{""alpha"": 0.001, ""hidden_layer_sizes"": [32, 16], ""max_iter"": 500}",0.6369873450633387,0.6214003083750983,0.6111362380711276,2079,0.8350110840807512
beta_only,beta_B,random_forest,random_forest_05,"{""max_depth"": null, ""min_samples_leaf"": 5, ""n_estimators"": 200}",0.5643126216003643,0.6358941711882888,0.5913924646044094,2079,0.6043060754458703
beta_only,beta_B,xgboost,xgboost_00,"{""colsample_bytree"": 0.8, ""learning_rate"": 0.05, ""max_depth"": 3, ""n_estimators"": 200, ""subsample"": 0.8}",0.6006313191169824,0.5792450313458718,0.5844025638114189,2079,0.8442511558532715
beta_only,beta_C,dnn,dnn_03,"{""alpha"": 0.001, ""hidden_layer_sizes"": [32, 16], ""max_iter"": 500}",0.6990294783658084,0.8139558611323316,0.7230372996262754,1971,0.7840264472999682
beta_only,beta_C,random_forest,random_forest_03,"{""max_depth"": 8, ""min_samples_leaf"": 5, ""n_estimators"": 200}",0.6943071393612248,0.8141267490679255,0.7329650262845305,1971,0.5821356395830641
beta_only,beta_C,xgboost,xgboost_00,"{""colsample_bytree"": 0.8, ""learning_rate"": 0.05, ""max_depth"": 3, ""n_estimators"": 200, ""subsample"": 0.8}",0.7721335676998974,0.7557572604799496,0.7519765312102507,1971,0.8088023662567139
beta_only,beta_D,dnn,dnn_02,"{""alpha"": 0.0001, ""hidden_layer_sizes"": [32, 16], ""max_iter"": 500}",0.5936916788739824,0.6520664825370707,0.5921890018307009,2122,0.8318568235449483
beta_only,beta_D,random_forest,random_forest_03,"{""max_depth"": 8, ""min_samples_leaf"": 5, ""n_estimators"": 200}",0.5981531562901404,0.6803745330299952,0.6202115300617652,2122,0.6175953311170691
beta_only,beta_D,xgboost,xgboost_03,"{""colsample_bytree"": 0.8, ""learning_rate"": 0.1, ""max_depth"": 5, ""n_estimators"": 200, ""subsample"": 0.8}",0.6103683257385951,0.5792455555648832,0.5732482876181434,2122,0.899371862411499
beta_only,beta_E,dnn,dnn_03,"{""alpha"": 0.001, ""hidden_layer_sizes"": [32, 16], ""max_iter"": 500}",0.5867578631922639,0.6708703192232603,0.6040634327799325,2002,0.7015198740101051
beta_only,beta_E,random_forest,random_forest_04,"{""max_depth"": null, ""min_samples_leaf"": 1, ""n_estimators"": 200}",0.6584471364572302,0.5927818717230482,0.6050123166746878,2002,0.58
beta_only,beta_E,xgboost,xgboost_00,"{""colsample_bytree"": 0.8, ""learning_rate"": 0.05, ""max_depth"": 3, ""n_estimators"": 200, ""subsample"": 0.8}",0.6309030151135415,0.5623889313301078,0.586557467669074,2002,0.8455668091773987
beta_only,beta_F,dnn,dnn_03,"{""alpha"": 0.001, ""hidden_layer_sizes"": [32, 16], ""max_iter"": 500}",0.5905037984999227,0.6497230481936364,0.5852226740198703,2023,0.8341999522777354
beta_only,beta_F,random_forest,random_forest_00,"{""max_depth"": 4, ""min_samples_leaf"": 1, ""n_estimators"": 200}",0.5564430672333408,0.6606660920778568,0.579982419587312,2023,0.6013115849460842
beta_only,beta_F,xgboost,xgboost_03,"{""colsample_bytree"": 0.8, ""learning_rate"": 0.1, ""max_depth"": 5, ""n_estimators"": 200, ""subsample"": 0.8}",0.7025575147526367,0.6085375073106165,0.6093869184456218,2023,0.7126960754394531
beta_only,beta_G,dnn,dnn_02,"{""alpha"": 0.0001, ""hidden_layer_sizes"": [32, 16], ""max_iter"": 500}",0.6376264916801203,0.636359545216688,0.6120881709299099,2027,0.7609952059450548
beta_only,beta_G,random_forest,random_forest_03,"{""max_depth"": 8, ""min_samples_leaf"": 5, ""n_estimators"": 200}",0.6224470811755295,0.6766580403723259,0.6293736748627039,2027,0.6018228597162159
beta_only,beta_G,xgboost,xgboost_01,"{""colsample_bytree"": 0.8, ""learning_rate"": 0.1, ""max_depth"": 3, ""n_estimators"": 200, ""subsample"": 0.8}",0.7265853194424624,0.5995337043908473,0.617872866409354,2027,0.7879977226257324
beta_only,beta_H,dnn,dnn_00,"{""alpha"": 0.0001, ""hidden_layer_sizes"": [16, 8], ""max_iter"": 500}",0.6986740742761676,0.7368997127988725,0.7060896148887865,1973,0.7232260339081671
beta_only,beta_H,random_forest,random_forest_00,"{""max_depth"": 4, ""min_samples_leaf"": 1, ""n_estimators"": 200}",0.7390588506395022,0.687051368799268,0.7052253135137113,1973,0.8009319122175165
beta_only,beta_H,xgboost,xgboost_00,"{""colsample_bytree"": 0.8, ""learning_rate"": 0.05, ""max_depth"": 3, ""n_estimators"": 200, ""subsample"": 0.8}",0.7295881108722532,0.7011433906896093,0.7035715871938042,1973,0.7601158618927002
beta_plus_alpha,beta_A,dnn,dnn_03,"{""alpha"": 0.001, ""hidden_layer_sizes"": [32, 16], ""max_iter"": 500}",0.5690945465050239,0.760161276631865,0.6411890281844398,12616,0.6699850251389747
beta_plus_alpha,beta_A,random_forest,random_forest_03,"{""max_depth"": 8, ""min_samples_leaf"": 5, ""n_estimators"": 200}",0.5659798001502516,0.7541190051778287,0.6347940915149505,12616,0.7529827110304521
beta_plus_alpha,beta_A,xgboost,xgboost_00,"{""colsample_bytree"": 0.8, ""learning_rate"": 0.05, ""max_depth"": 3, ""n_estimators"": 200, ""subsample"": 0.8}",0.6243974337047036,0.6374516109474093,0.6240862430722972,12616,0.8332176804542542
beta_plus_alpha,beta_B,dnn,dnn_01,"{""alpha"": 0.001, ""hidden_layer_sizes"": [16, 8], ""max_iter"": 500}",0.5726449905151265,0.7198895875366463,0.6215853728521636,12722,0.7669929771126509
beta_plus_alpha,beta_B,random_forest,random_forest_03,"{""max_depth"": 8, ""min_samples_leaf"": 5, ""n_estimators"": 200}",0.513868002301182,0.7214115949410067,0.5898754309937846,12722,0.7225674349402305
beta_plus_alpha,beta_B,xgboost,xgboost_00,"{""colsample_bytree"": 0.8, ""learning_rate"": 0.05, ""max_depth"": 3, ""n_estimators"": 200, ""subsample"": 0.8}",0.5880086690331799,0.6761571295184741,0.6222228827787635,12722,0.8682666420936584
beta_plus_alpha,beta_C,dnn,dnn_02,"{""alpha"": 0.0001, ""hidden_layer_sizes"": [32, 16], ""max_iter"": 500}",0.6925942266390847,0.8596137849079026,0.7417981116597577,12614,0.6786126039696992
beta_plus_alpha,beta_C,random_forest,random_forest_03,"{""max_depth"": 8, ""min_samples_leaf"": 5, ""n_estimators"": 200}",0.663639973770447,0.8329111280875986,0.7202525449261146,12614,0.7462961595890587
beta_plus_alpha,beta_C,xgboost,xgboost_00,"{""colsample_bytree"": 0.8, ""learning_rate"": 0.05, ""max_depth"": 3, ""n_estimators"": 200, ""subsample"": 0.8}",0.7467919201663673,0.7767040709057517,0.7497978585719706,12614,0.8517922759056091
beta_plus_alpha,beta_D,dnn,dnn_02,"{""alpha"": 0.0001, ""hidden_layer_sizes"": [32, 16], ""max_iter"": 500}",0.5448163275587184,0.7239159663865546,0.6039086356503339,12765,0.749547789001552
beta_plus_alpha,beta_D,random_forest,random_forest_00,"{""max_depth"": 4, ""min_samples_leaf"": 1, ""n_estimators"": 200}",0.5606404943689427,0.7217991028579264,0.6152807407121044,12765,0.7283379779674067
beta_plus_alpha,beta_D,xgboost,xgboost_00,"{""colsample_bytree"": 0.8, ""learning_rate"": 0.05, ""max_depth"": 3, ""n_estimators"": 200, ""subsample"": 0.8}",0.614997908991044,0.6446505707177976,0.6154124479952979,12765,0.8376290798187256
beta_plus_alpha,beta_E,dnn,dnn_03,"{""alpha"": 0.001, ""hidden_layer_sizes"": [32, 16], ""max_iter"": 500}",0.5717823433572621,0.7235811900517782,0.6230914432634609,12645,0.7199104231047262
beta_plus_alpha,beta_E,random_forest,random_forest_03,"{""max_depth"": 8, ""min_samples_leaf"": 5, ""n_estimators"": 200}",0.5402998361060597,0.7164239028944912,0.5977288897772893,12645,0.7231763499823597
beta_plus_alpha,beta_E,xgboost,xgboost_00,"{""colsample_bytree"": 0.8, ""learning_rate"": 0.05, ""max_depth"": 3, ""n_estimators"": 200, ""subsample"": 0.8}",0.6161621215763854,0.6773630421865716,0.636084716113753,12645,0.811379611492157
beta_plus_alpha,beta_F,dnn,dnn_00,"{""alpha"": 0.0001, ""hidden_layer_sizes"": [16, 8], ""max_iter"": 500}",0.5279380602688873,0.7014173669467788,0.5652325808114701,12666,0.7172852903870715
beta_plus_alpha,beta_F,random_forest,random_forest_00,"{""max_depth"": 4, ""min_samples_leaf"": 1, ""n_estimators"": 200}",0.5156743634373352,0.690248058197638,0.5690449665196207,12666,0.757536555350572
beta_plus_alpha,beta_F,xgboost,xgboost_00,"{""colsample_bytree"": 0.8, ""learning_rate"": 0.05, ""max_depth"": 3, ""n_estimators"": 200, ""subsample"": 0.8}",0.6834707880377108,0.666515939709217,0.6236451022376369,12666,0.8974659442901611
beta_plus_alpha,beta_G,dnn,dnn_01,"{""alpha"": 0.001, ""hidden_layer_sizes"": [16, 8], ""max_iter"": 500}",0.5828093383404033,0.7194780774780776,0.6231128459149423,12670,0.8469842654418036
beta_plus_alpha,beta_G,random_forest,random_forest_03,"{""max_depth"": 8, ""min_samples_leaf"": 5, ""n_estimators"": 200}",0.5226850354840181,0.7242106782106782,0.5884679240704787,12670,0.7161571594136694
beta_plus_alpha,beta_G,xgboost,xgboost_01,"{""colsample_bytree"": 0.8, ""learning_rate"": 0.1, ""max_depth"": 3, ""n_estimators"": 200, ""subsample"": 0.8}",0.6199446414552935,0.6534739229024943,0.6244656213587069,12670,0.8673238754272461
beta_plus_alpha,beta_H,dnn,dnn_01,"{""alpha"": 0.001, ""hidden_layer_sizes"": [16, 8], ""max_iter"": 500}",0.616512863048994,0.793661658602835,0.6729789397724487,12616,0.8408033731506779
beta_plus_alpha,beta_H,random_forest,random_forest_02,"{""max_depth"": 8, ""min_samples_leaf"": 1, ""n_estimators"": 200}",0.6317612838220016,0.7928339820776795,0.6898948058290781,12616,0.7604385548421994
beta_plus_alpha,beta_H,xgboost,xgboost_00,"{""colsample_bytree"": 0.8, ""learning_rate"": 0.05, ""max_depth"": 3, ""n_estimators"": 200, ""subsample"": 0.8}",0.6159220324766544,0.7966761007433275,0.6711787580582838,12616,0.7903880476951599
alpha_only,all_beta,dnn,dnn_01,"{""alpha"": 0.001, ""hidden_layer_sizes"": [16, 8], ""max_iter"": 500}",0.6404650209567613,0.6273590191568841,0.6337188714957639,10643,0.5952554078375702
alpha_only,all_beta,random_forest,random_forest_02,"{""max_depth"": 8, ""min_samples_leaf"": 1, ""n_estimators"": 200}",0.6435412101568613,0.6250082208756704,0.6340235499081823,10643,0.5610275290216995
alpha_only,all_beta,xgboost,xgboost_00,"{""colsample_bytree"": 0.8, ""learning_rate"": 0.05, ""max_depth"": 3, ""n_estimators"": 200, ""subsample"": 0.8}",0.6434403604746255,0.6255672647342226,0.6343062634638588,10643,0.5874977111816406
